2026-01-10 00:24:27 [HikariPool-13:housekeeper] WARN  com.zaxxer.hikari.pool.HikariPool - HikariPool-13 - Thread starvation or clock leap detected (housekeeper delta=4m9s154ms713µs600ns).
2026-01-10 02:57:41 [HikariPool-13:housekeeper] WARN  com.zaxxer.hikari.pool.HikariPool - HikariPool-13 - Thread starvation or clock leap detected (housekeeper delta=1m40s459ms465µs700ns).
2026-01-10 13:08:27 [restartedMain] INFO  c.s.p.MultiTenantPlatformApplication - Starting MultiTenantPlatformApplication using Java 21.0.7 with PID 15848 (C:\Users\ankur\multi-tenant-platform\multi-tenant-platform\target\classes started by ankur in C:\Users\ankur\multi-tenant-platform\multi-tenant-platform)
2026-01-10 13:08:27 [restartedMain] DEBUG c.s.p.MultiTenantPlatformApplication - Running with Spring Boot v3.5.7, Spring v6.2.12
2026-01-10 13:08:27 [restartedMain] INFO  c.s.p.MultiTenantPlatformApplication - No active profile set, falling back to 1 default profile: "default"
2026-01-10 13:08:27 [restartedMain] INFO  o.s.b.d.e.DevToolsPropertyDefaultsPostProcessor - Devtools property defaults active! Set 'spring.devtools.add-properties' to 'false' to disable
2026-01-10 13:08:27 [restartedMain] INFO  o.s.b.d.e.DevToolsPropertyDefaultsPostProcessor - For additional web related logging consider setting the 'logging.level.web' property to 'DEBUG'
2026-01-10 13:08:34 [restartedMain] INFO  o.s.d.r.c.RepositoryConfigurationDelegate - Multiple Spring Data modules found, entering strict repository configuration mode
2026-01-10 13:08:34 [restartedMain] INFO  o.s.d.r.c.RepositoryConfigurationDelegate - Bootstrapping Spring Data JPA repositories in DEFAULT mode.
2026-01-10 13:08:34 [restartedMain] INFO  o.s.d.r.c.RepositoryConfigurationDelegate - Finished Spring Data repository scanning in 479 ms. Found 12 JPA repository interfaces.
2026-01-10 13:08:34 [restartedMain] INFO  o.s.d.r.c.RepositoryConfigurationDelegate - Multiple Spring Data modules found, entering strict repository configuration mode
2026-01-10 13:08:34 [restartedMain] INFO  o.s.d.r.c.RepositoryConfigurationDelegate - Bootstrapping Spring Data Redis repositories in DEFAULT mode.
2026-01-10 13:08:34 [restartedMain] INFO  o.s.d.r.c.RepositoryConfigurationExtensionSupport - Spring Data Redis - Could not safely identify store assignment for repository candidate interface com.saas.platform.repository.ActivityLogRepository; If you want this repository to be a Redis repository, consider annotating your entities with one of these annotations: org.springframework.data.redis.core.RedisHash (preferred), or consider extending one of the following types with your repository: org.springframework.data.keyvalue.repository.KeyValueRepository
2026-01-10 13:08:34 [restartedMain] INFO  o.s.d.r.c.RepositoryConfigurationExtensionSupport - Spring Data Redis - Could not safely identify store assignment for repository candidate interface com.saas.platform.repository.ApiKeyRepository; If you want this repository to be a Redis repository, consider annotating your entities with one of these annotations: org.springframework.data.redis.core.RedisHash (preferred), or consider extending one of the following types with your repository: org.springframework.data.keyvalue.repository.KeyValueRepository
2026-01-10 13:08:34 [restartedMain] INFO  o.s.d.r.c.RepositoryConfigurationExtensionSupport - Spring Data Redis - Could not safely identify store assignment for repository candidate interface com.saas.platform.repository.FileStorageRepository; If you want this repository to be a Redis repository, consider annotating your entities with one of these annotations: org.springframework.data.redis.core.RedisHash (preferred), or consider extending one of the following types with your repository: org.springframework.data.keyvalue.repository.KeyValueRepository
2026-01-10 13:08:34 [restartedMain] INFO  o.s.d.r.c.RepositoryConfigurationExtensionSupport - Spring Data Redis - Could not safely identify store assignment for repository candidate interface com.saas.platform.repository.NotificationRepository; If you want this repository to be a Redis repository, consider annotating your entities with one of these annotations: org.springframework.data.redis.core.RedisHash (preferred), or consider extending one of the following types with your repository: org.springframework.data.keyvalue.repository.KeyValueRepository
2026-01-10 13:08:34 [restartedMain] INFO  o.s.d.r.c.RepositoryConfigurationExtensionSupport - Spring Data Redis - Could not safely identify store assignment for repository candidate interface com.saas.platform.repository.PasswordResetTokenRepository; If you want this repository to be a Redis repository, consider annotating your entities with one of these annotations: org.springframework.data.redis.core.RedisHash (preferred), or consider extending one of the following types with your repository: org.springframework.data.keyvalue.repository.KeyValueRepository
2026-01-10 13:08:34 [restartedMain] INFO  o.s.d.r.c.RepositoryConfigurationExtensionSupport - Spring Data Redis - Could not safely identify store assignment for repository candidate interface com.saas.platform.repository.PlanRepository; If you want this repository to be a Redis repository, consider annotating your entities with one of these annotations: org.springframework.data.redis.core.RedisHash (preferred), or consider extending one of the following types with your repository: org.springframework.data.keyvalue.repository.KeyValueRepository
2026-01-10 13:08:34 [restartedMain] INFO  o.s.d.r.c.RepositoryConfigurationExtensionSupport - Spring Data Redis - Could not safely identify store assignment for repository candidate interface com.saas.platform.repository.SubscriptionRepository; If you want this repository to be a Redis repository, consider annotating your entities with one of these annotations: org.springframework.data.redis.core.RedisHash (preferred), or consider extending one of the following types with your repository: org.springframework.data.keyvalue.repository.KeyValueRepository
2026-01-10 13:08:34 [restartedMain] INFO  o.s.d.r.c.RepositoryConfigurationExtensionSupport - Spring Data Redis - Could not safely identify store assignment for repository candidate interface com.saas.platform.repository.TenantRepository; If you want this repository to be a Redis repository, consider annotating your entities with one of these annotations: org.springframework.data.redis.core.RedisHash (preferred), or consider extending one of the following types with your repository: org.springframework.data.keyvalue.repository.KeyValueRepository
2026-01-10 13:08:34 [restartedMain] INFO  o.s.d.r.c.RepositoryConfigurationExtensionSupport - Spring Data Redis - Could not safely identify store assignment for repository candidate interface com.saas.platform.repository.TenantSettingsRepository; If you want this repository to be a Redis repository, consider annotating your entities with one of these annotations: org.springframework.data.redis.core.RedisHash (preferred), or consider extending one of the following types with your repository: org.springframework.data.keyvalue.repository.KeyValueRepository
2026-01-10 13:08:34 [restartedMain] INFO  o.s.d.r.c.RepositoryConfigurationExtensionSupport - Spring Data Redis - Could not safely identify store assignment for repository candidate interface com.saas.platform.repository.TwoFactorAuthRepository; If you want this repository to be a Redis repository, consider annotating your entities with one of these annotations: org.springframework.data.redis.core.RedisHash (preferred), or consider extending one of the following types with your repository: org.springframework.data.keyvalue.repository.KeyValueRepository
2026-01-10 13:08:34 [restartedMain] INFO  o.s.d.r.c.RepositoryConfigurationExtensionSupport - Spring Data Redis - Could not safely identify store assignment for repository candidate interface com.saas.platform.repository.UserRepository; If you want this repository to be a Redis repository, consider annotating your entities with one of these annotations: org.springframework.data.redis.core.RedisHash (preferred), or consider extending one of the following types with your repository: org.springframework.data.keyvalue.repository.KeyValueRepository
2026-01-10 13:08:34 [restartedMain] INFO  o.s.d.r.c.RepositoryConfigurationExtensionSupport - Spring Data Redis - Could not safely identify store assignment for repository candidate interface com.saas.platform.repository.WebhookRepository; If you want this repository to be a Redis repository, consider annotating your entities with one of these annotations: org.springframework.data.redis.core.RedisHash (preferred), or consider extending one of the following types with your repository: org.springframework.data.keyvalue.repository.KeyValueRepository
2026-01-10 13:08:34 [restartedMain] INFO  o.s.d.r.c.RepositoryConfigurationDelegate - Finished Spring Data repository scanning in 42 ms. Found 0 Redis repository interfaces.
2026-01-10 13:08:37 [restartedMain] INFO  o.s.b.w.e.tomcat.TomcatWebServer - Tomcat initialized with port 8080 (http)
2026-01-10 13:08:37 [restartedMain] INFO  o.a.catalina.core.StandardService - Starting service [Tomcat]
2026-01-10 13:08:37 [restartedMain] INFO  o.a.catalina.core.StandardEngine - Starting Servlet engine: [Apache Tomcat/10.1.48]
2026-01-10 13:08:37 [restartedMain] INFO  o.a.c.c.C.[Tomcat].[localhost].[/] - Initializing Spring embedded WebApplicationContext
2026-01-10 13:08:37 [restartedMain] INFO  o.s.b.w.s.c.ServletWebServerApplicationContext - Root WebApplicationContext: initialization completed in 9793 ms
2026-01-10 13:08:37 [restartedMain] DEBUG c.s.p.s.JwtAuthenticationFilter - Filter 'jwtAuthenticationFilter' configured for use
2026-01-10 13:08:37 [restartedMain] INFO  o.h.jpa.internal.util.LogHelper - HHH000204: Processing PersistenceUnitInfo [name: default]
2026-01-10 13:08:37 [restartedMain] INFO  org.hibernate.Version - HHH000412: Hibernate ORM core version 6.6.33.Final
2026-01-10 13:08:38 [restartedMain] INFO  o.h.c.i.RegionFactoryInitiator - HHH000026: Second-level cache disabled
2026-01-10 13:08:38 [restartedMain] INFO  o.s.o.j.p.SpringPersistenceUnitInfo - No LoadTimeWeaver setup: ignoring JPA class transformer
2026-01-10 13:08:38 [restartedMain] INFO  com.zaxxer.hikari.HikariDataSource - HikariPool-1 - Starting...
2026-01-10 13:08:40 [restartedMain] INFO  com.zaxxer.hikari.pool.HikariPool - HikariPool-1 - Added connection com.mysql.cj.jdbc.ConnectionImpl@502a8ea6
2026-01-10 13:08:40 [restartedMain] INFO  com.zaxxer.hikari.HikariDataSource - HikariPool-1 - Start completed.
2026-01-10 13:08:40 [restartedMain] WARN  org.hibernate.orm.deprecation - HHH90000025: MySQLDialect does not need to be specified explicitly using 'hibernate.dialect' (remove the property setting and it will be selected by default)
2026-01-10 13:08:40 [restartedMain] INFO  o.hibernate.orm.connections.pooling - HHH10001005: Database info:
	Database JDBC URL [Connecting through datasource 'HikariDataSource (HikariPool-1)']
	Database driver: undefined/unknown
	Database version: 8.0.44
	Autocommit mode: undefined/unknown
	Isolation level: undefined/unknown
	Minimum pool size: undefined/unknown
	Maximum pool size: undefined/unknown
2026-01-10 13:08:42 [restartedMain] INFO  o.h.e.t.j.p.i.JtaPlatformInitiator - HHH000489: No JTA platform available (set 'hibernate.transaction.jta.platform' to enable JTA platform integration)
2026-01-10 13:08:43 [restartedMain] INFO  o.s.o.j.LocalContainerEntityManagerFactoryBean - Initialized JPA EntityManagerFactory for persistence unit 'default'
2026-01-10 13:08:45 [restartedMain] INFO  c.saas.platform.service.EmailService - ═══════════════════════════════════════
2026-01-10 13:08:45 [restartedMain] INFO  c.saas.platform.service.EmailService - 📧 EmailService Initialized
2026-01-10 13:08:45 [restartedMain] INFO  c.saas.platform.service.EmailService -   Mail From: null
2026-01-10 13:08:45 [restartedMain] INFO  c.saas.platform.service.EmailService -   Mail From Name: null
2026-01-10 13:08:45 [restartedMain] INFO  c.saas.platform.service.EmailService -   Frontend URL: null
2026-01-10 13:08:45 [restartedMain] INFO  c.saas.platform.service.EmailService - ═══════════════════════════════════════
2026-01-10 13:08:45 [restartedMain] INFO  o.s.d.j.r.query.QueryEnhancerFactory - Hibernate is in classpath; If applicable, HQL parser will be used.
2026-01-10 13:08:46 [restartedMain] INFO  c.s.p.service.PasswordResetService - ═══════════════════════════════════════
2026-01-10 13:08:46 [restartedMain] INFO  c.s.p.service.PasswordResetService - 🔐 PasswordResetService Initialized
2026-01-10 13:08:46 [restartedMain] INFO  c.s.p.service.PasswordResetService -   Token Expiry: 0 minutes
2026-01-10 13:08:46 [restartedMain] INFO  c.s.p.service.PasswordResetService - ═══════════════════════════════════════
2026-01-10 13:08:47 [restartedMain] WARN  o.s.b.a.o.j.JpaBaseConfiguration$JpaWebConfiguration - spring.jpa.open-in-view is enabled by default. Therefore, database queries may be performed during view rendering. Explicitly configure spring.jpa.open-in-view to disable this warning
2026-01-10 13:08:47 [restartedMain] WARN  o.s.b.a.s.s.UserDetailsServiceAutoConfiguration - 

Using generated security password: 7e4245b4-8f3f-4711-839f-1785aa3a7c29

This generated password is for development use only. Your security configuration must be updated before running your application in production.

2026-01-10 13:08:47 [restartedMain] INFO  o.s.s.c.a.a.c.InitializeUserDetailsBeanManagerConfigurer$InitializeUserDetailsManagerConfigurer - Global AuthenticationManager configured with UserDetailsService bean with name inMemoryUserDetailsManager
2026-01-10 13:08:48 [restartedMain] DEBUG o.s.s.web.DefaultSecurityFilterChain - Will secure any request with filters: DisableEncodeUrlFilter, WebAsyncManagerIntegrationFilter, SecurityContextHolderFilter, HeaderWriterFilter, CorsFilter, LogoutFilter, JwtAuthenticationFilter, RequestCacheAwareFilter, SecurityContextHolderAwareRequestFilter, AnonymousAuthenticationFilter, SessionManagementFilter, ExceptionTranslationFilter, AuthorizationFilter
2026-01-10 13:08:49 [restartedMain] INFO  o.s.b.d.a.OptionalLiveReloadServer - LiveReload server is running on port 35729
2026-01-10 13:08:50 [restartedMain] INFO  o.s.b.w.e.tomcat.TomcatWebServer - Tomcat started on port 8080 (http) with context path '/'
2026-01-10 13:08:50 [restartedMain] INFO  c.s.p.MultiTenantPlatformApplication - Started MultiTenantPlatformApplication in 24.1 seconds (process running for 26.35)
2026-01-10 13:08:50 [restartedMain] INFO  c.s.p.config.StartupPlansConfig - ═══════════════════════════════════════
2026-01-10 13:08:50 [restartedMain] INFO  c.s.p.config.StartupPlansConfig - 🔧 INITIALIZING DEFAULT SUBSCRIPTION PLANS
2026-01-10 13:08:50 [restartedMain] INFO  c.s.p.config.StartupPlansConfig - ═══════════════════════════════════════
2026-01-10 13:08:50 [restartedMain] DEBUG org.hibernate.SQL - 
    /* <criteria> */ select
        p1_0.id 
    from
        plans p1_0 
    where
        p1_0.name=? 
    limit
        ?
2026-01-10 13:08:50 [restartedMain] INFO  c.s.p.config.StartupPlansConfig - ✓ Plan 'FREE' already exists, skipping creation
2026-01-10 13:08:50 [restartedMain] DEBUG org.hibernate.SQL - 
    /* <criteria> */ select
        p1_0.id 
    from
        plans p1_0 
    where
        p1_0.name=? 
    limit
        ?
2026-01-10 13:08:50 [restartedMain] INFO  c.s.p.config.StartupPlansConfig - ✓ Plan 'BASIC' already exists, skipping creation
2026-01-10 13:08:50 [restartedMain] DEBUG org.hibernate.SQL - 
    /* <criteria> */ select
        p1_0.id 
    from
        plans p1_0 
    where
        p1_0.name=? 
    limit
        ?
2026-01-10 13:08:50 [restartedMain] INFO  c.s.p.config.StartupPlansConfig - ✓ Plan 'PRO' already exists, skipping creation
2026-01-10 13:08:50 [restartedMain] DEBUG org.hibernate.SQL - 
    /* <criteria> */ select
        p1_0.id 
    from
        plans p1_0 
    where
        p1_0.name=? 
    limit
        ?
2026-01-10 13:08:50 [restartedMain] INFO  c.s.p.config.StartupPlansConfig - ✓ Plan 'ENTERPRISE' already exists, skipping creation
2026-01-10 13:08:50 [restartedMain] INFO  c.s.p.config.StartupPlansConfig - ═══════════════════════════════════════
2026-01-10 13:08:50 [restartedMain] INFO  c.s.p.config.StartupPlansConfig - ✅ PLAN INITIALIZATION COMPLETE
2026-01-10 13:08:50 [restartedMain] INFO  c.s.p.config.StartupPlansConfig - ═══════════════════════════════════════
2026-01-10 13:08:50 [restartedMain] DEBUG org.hibernate.SQL - 
    /* <criteria> */ select
        u1_0.id 
    from
        users u1_0 
    where
        u1_0.role=? 
    limit
        ?
2026-01-10 13:08:50 [restartedMain] INFO  c.s.p.config.StartupSuperAdminConfig - SUPER_ADMIN already exists → skipping creation.
2026-01-10 13:11:29 [http-nio-8080-exec-1] INFO  o.a.c.c.C.[Tomcat].[localhost].[/] - Initializing Spring DispatcherServlet 'dispatcherServlet'
2026-01-10 13:11:29 [http-nio-8080-exec-1] INFO  o.s.web.servlet.DispatcherServlet - Initializing Servlet 'dispatcherServlet'
2026-01-10 13:11:29 [http-nio-8080-exec-1] INFO  o.s.web.servlet.DispatcherServlet - Completed initialization in 86 ms
2026-01-10 13:11:29 [http-nio-8080-exec-1] DEBUG o.s.security.web.FilterChainProxy - Securing OPTIONS /api/users/tenant/9
2026-01-10 13:11:29 [http-nio-8080-exec-2] DEBUG o.s.security.web.FilterChainProxy - Securing OPTIONS /api/users/tenant/9
2026-01-10 13:11:30 [http-nio-8080-exec-3] DEBUG o.s.security.web.FilterChainProxy - Securing GET /api/users/tenant/9
2026-01-10 13:11:30 [http-nio-8080-exec-3] DEBUG c.s.p.s.JwtAuthenticationFilter - Set tenant context: 9
2026-01-10 13:11:30 [http-nio-8080-exec-3] DEBUG c.s.p.s.JwtAuthenticationFilter - JWT authentication successful for user: chouhanankur406@gmail.com with role: ROLE_TENANT_OWNER (tenant: 9)
2026-01-10 13:11:30 [http-nio-8080-exec-3] DEBUG o.s.security.web.FilterChainProxy - Secured GET /api/users/tenant/9
2026-01-10 13:11:30 [http-nio-8080-exec-3] INFO  c.s.p.config.RequestLoggingFilter - API Request: GET /api/users/tenant/9 from 0:0:0:0:0:0:0:1
2026-01-10 13:11:30 [http-nio-8080-exec-3] DEBUG c.s.p.multitenancy.TenantFilter - Tenant resolved from header: 9
2026-01-10 13:11:30 [http-nio-8080-exec-3] DEBUG c.s.p.multitenancy.TenantFilter - Tenant context set to: 9
2026-01-10 13:11:31 [http-nio-8080-exec-3] DEBUG org.hibernate.SQL - 
    /* <criteria> */ select
        u1_0.id,
        u1_0.active,
        u1_0.created_at,
        u1_0.email,
        u1_0.first_name,
        u1_0.last_login,
        u1_0.last_name,
        u1_0.password,
        u1_0.role,
        u1_0.tenant_id 
    from
        users u1_0 
    where
        u1_0.email=?
2026-01-10 13:11:31 [http-nio-8080-exec-3] DEBUG org.hibernate.SQL - 
    select
        t1_0.id,
        t1_0.created_at,
        t1_0.database_name,
        t1_0.name,
        t1_0.status,
        t1_0.subdomain,
        t1_0.updated_at 
    from
        tenants t1_0 
    where
        t1_0.id=?
2026-01-10 13:11:31 [http-nio-8080-exec-3] DEBUG org.hibernate.SQL - 
    /* <criteria> */ select
        u1_0.id,
        u1_0.active,
        u1_0.created_at,
        u1_0.email,
        u1_0.first_name,
        u1_0.last_login,
        u1_0.last_name,
        u1_0.password,
        u1_0.role,
        u1_0.tenant_id 
    from
        users u1_0 
    left join
        tenants t1_0 
            on t1_0.id=u1_0.tenant_id 
    where
        t1_0.id=?
2026-01-10 13:11:32 [http-nio-8080-exec-3] DEBUG c.s.p.multitenancy.TenantFilter - Tenant context cleared
2026-01-10 13:11:32 [http-nio-8080-exec-3] INFO  c.s.p.config.RequestLoggingFilter - API Response: GET /api/users/tenant/9 completed in 1485ms
2026-01-10 13:11:32 [http-nio-8080-exec-3] DEBUG c.s.p.s.JwtAuthenticationFilter - Tenant context cleared after request
2026-01-10 13:11:32 [http-nio-8080-exec-4] DEBUG o.s.security.web.FilterChainProxy - Securing GET /api/users/tenant/9
2026-01-10 13:11:32 [http-nio-8080-exec-3] DEBUG o.s.security.web.FilterChainProxy - Securing OPTIONS /api/subscriptions/tenant/9
2026-01-10 13:11:32 [http-nio-8080-exec-5] DEBUG o.s.security.web.FilterChainProxy - Securing GET /api/subscriptions/tenant/9
2026-01-10 13:11:32 [http-nio-8080-exec-4] DEBUG c.s.p.s.JwtAuthenticationFilter - Set tenant context: 9
2026-01-10 13:11:32 [http-nio-8080-exec-4] DEBUG c.s.p.s.JwtAuthenticationFilter - JWT authentication successful for user: chouhanankur406@gmail.com with role: ROLE_TENANT_OWNER (tenant: 9)
2026-01-10 13:11:32 [http-nio-8080-exec-4] DEBUG o.s.security.web.FilterChainProxy - Secured GET /api/users/tenant/9
2026-01-10 13:11:32 [http-nio-8080-exec-4] INFO  c.s.p.config.RequestLoggingFilter - API Request: GET /api/users/tenant/9 from 0:0:0:0:0:0:0:1
2026-01-10 13:11:32 [http-nio-8080-exec-4] DEBUG c.s.p.multitenancy.TenantFilter - Tenant resolved from header: 9
2026-01-10 13:11:32 [http-nio-8080-exec-4] DEBUG c.s.p.multitenancy.TenantFilter - Tenant context set to: 9
2026-01-10 13:11:32 [http-nio-8080-exec-4] DEBUG org.hibernate.SQL - 
    /* <criteria> */ select
        u1_0.id,
        u1_0.active,
        u1_0.created_at,
        u1_0.email,
        u1_0.first_name,
        u1_0.last_login,
        u1_0.last_name,
        u1_0.password,
        u1_0.role,
        u1_0.tenant_id 
    from
        users u1_0 
    where
        u1_0.email=?
2026-01-10 13:11:32 [http-nio-8080-exec-4] DEBUG org.hibernate.SQL - 
    select
        t1_0.id,
        t1_0.created_at,
        t1_0.database_name,
        t1_0.name,
        t1_0.status,
        t1_0.subdomain,
        t1_0.updated_at 
    from
        tenants t1_0 
    where
        t1_0.id=?
2026-01-10 13:11:32 [http-nio-8080-exec-5] DEBUG c.s.p.s.JwtAuthenticationFilter - Set tenant context: 9
2026-01-10 13:11:32 [http-nio-8080-exec-5] DEBUG c.s.p.s.JwtAuthenticationFilter - JWT authentication successful for user: chouhanankur406@gmail.com with role: ROLE_TENANT_OWNER (tenant: 9)
2026-01-10 13:11:32 [http-nio-8080-exec-5] DEBUG o.s.security.web.FilterChainProxy - Secured GET /api/subscriptions/tenant/9
2026-01-10 13:11:32 [http-nio-8080-exec-5] INFO  c.s.p.config.RequestLoggingFilter - API Request: GET /api/subscriptions/tenant/9 from 0:0:0:0:0:0:0:1
2026-01-10 13:11:32 [http-nio-8080-exec-5] DEBUG c.s.p.multitenancy.TenantFilter - Tenant resolved from header: 9
2026-01-10 13:11:32 [http-nio-8080-exec-5] DEBUG c.s.p.multitenancy.TenantFilter - Tenant context set to: 9
2026-01-10 13:11:32 [http-nio-8080-exec-4] DEBUG org.hibernate.SQL - 
    /* <criteria> */ select
        u1_0.id,
        u1_0.active,
        u1_0.created_at,
        u1_0.email,
        u1_0.first_name,
        u1_0.last_login,
        u1_0.last_name,
        u1_0.password,
        u1_0.role,
        u1_0.tenant_id 
    from
        users u1_0 
    left join
        tenants t1_0 
            on t1_0.id=u1_0.tenant_id 
    where
        t1_0.id=?
2026-01-10 13:11:32 [http-nio-8080-exec-5] DEBUG org.hibernate.SQL - 
    /* <criteria> */ select
        u1_0.id,
        u1_0.active,
        u1_0.created_at,
        u1_0.email,
        u1_0.first_name,
        u1_0.last_login,
        u1_0.last_name,
        u1_0.password,
        u1_0.role,
        u1_0.tenant_id 
    from
        users u1_0 
    where
        u1_0.email=?
2026-01-10 13:11:32 [http-nio-8080-exec-4] DEBUG c.s.p.multitenancy.TenantFilter - Tenant context cleared
2026-01-10 13:11:32 [http-nio-8080-exec-4] INFO  c.s.p.config.RequestLoggingFilter - API Response: GET /api/users/tenant/9 completed in 238ms
2026-01-10 13:11:32 [http-nio-8080-exec-4] DEBUG c.s.p.s.JwtAuthenticationFilter - Tenant context cleared after request
2026-01-10 13:11:32 [http-nio-8080-exec-5] DEBUG org.hibernate.SQL - 
    select
        t1_0.id,
        t1_0.created_at,
        t1_0.database_name,
        t1_0.name,
        t1_0.status,
        t1_0.subdomain,
        t1_0.updated_at 
    from
        tenants t1_0 
    where
        t1_0.id=?
2026-01-10 13:11:32 [http-nio-8080-exec-5] DEBUG org.hibernate.SQL - 
    /* <criteria> */ select
        s1_0.id,
        s1_0.auto_renew,
        s1_0.created_at,
        s1_0.current_api_calls,
        s1_0.current_users,
        s1_0.end_date,
        s1_0.is_active,
        s1_0.plan_id,
        s1_0.renewal_date,
        s1_0.start_date,
        s1_0.tenant_id,
        s1_0.updated_at 
    from
        subscriptions s1_0 
    left join
        tenants t1_0 
            on t1_0.id=s1_0.tenant_id 
    where
        t1_0.id=?
2026-01-10 13:11:32 [http-nio-8080-exec-5] DEBUG org.hibernate.SQL - 
    select
        p1_0.id,
        p1_0.created_at,
        p1_0.description,
        p1_0.features,
        p1_0.is_active,
        p1_0.is_custom,
        p1_0.max_api_calls,
        p1_0.max_storage_gb,
        p1_0.max_users,
        p1_0.monthly_price,
        p1_0.name,
        p1_0.updated_at 
    from
        plans p1_0 
    where
        p1_0.id=?
2026-01-10 13:11:33 [http-nio-8080-exec-6] DEBUG o.s.security.web.FilterChainProxy - Securing GET /api/subscriptions/tenant/9
2026-01-10 13:11:33 [http-nio-8080-exec-5] DEBUG c.s.p.multitenancy.TenantFilter - Tenant context cleared
2026-01-10 13:11:33 [http-nio-8080-exec-5] INFO  c.s.p.config.RequestLoggingFilter - API Response: GET /api/subscriptions/tenant/9 completed in 853ms
2026-01-10 13:11:33 [http-nio-8080-exec-5] DEBUG c.s.p.s.JwtAuthenticationFilter - Tenant context cleared after request
2026-01-10 13:11:33 [http-nio-8080-exec-6] DEBUG c.s.p.s.JwtAuthenticationFilter - Set tenant context: 9
2026-01-10 13:11:33 [http-nio-8080-exec-6] DEBUG c.s.p.s.JwtAuthenticationFilter - JWT authentication successful for user: chouhanankur406@gmail.com with role: ROLE_TENANT_OWNER (tenant: 9)
2026-01-10 13:11:33 [http-nio-8080-exec-6] DEBUG o.s.security.web.FilterChainProxy - Secured GET /api/subscriptions/tenant/9
2026-01-10 13:11:33 [http-nio-8080-exec-6] INFO  c.s.p.config.RequestLoggingFilter - API Request: GET /api/subscriptions/tenant/9 from 0:0:0:0:0:0:0:1
2026-01-10 13:11:33 [http-nio-8080-exec-6] DEBUG c.s.p.multitenancy.TenantFilter - Tenant resolved from header: 9
2026-01-10 13:11:33 [http-nio-8080-exec-6] DEBUG c.s.p.multitenancy.TenantFilter - Tenant context set to: 9
2026-01-10 13:11:33 [http-nio-8080-exec-6] DEBUG org.hibernate.SQL - 
    /* <criteria> */ select
        u1_0.id,
        u1_0.active,
        u1_0.created_at,
        u1_0.email,
        u1_0.first_name,
        u1_0.last_login,
        u1_0.last_name,
        u1_0.password,
        u1_0.role,
        u1_0.tenant_id 
    from
        users u1_0 
    where
        u1_0.email=?
2026-01-10 13:11:33 [http-nio-8080-exec-6] DEBUG org.hibernate.SQL - 
    select
        t1_0.id,
        t1_0.created_at,
        t1_0.database_name,
        t1_0.name,
        t1_0.status,
        t1_0.subdomain,
        t1_0.updated_at 
    from
        tenants t1_0 
    where
        t1_0.id=?
2026-01-10 13:11:33 [http-nio-8080-exec-6] DEBUG org.hibernate.SQL - 
    /* <criteria> */ select
        s1_0.id,
        s1_0.auto_renew,
        s1_0.created_at,
        s1_0.current_api_calls,
        s1_0.current_users,
        s1_0.end_date,
        s1_0.is_active,
        s1_0.plan_id,
        s1_0.renewal_date,
        s1_0.start_date,
        s1_0.tenant_id,
        s1_0.updated_at 
    from
        subscriptions s1_0 
    left join
        tenants t1_0 
            on t1_0.id=s1_0.tenant_id 
    where
        t1_0.id=?
2026-01-10 13:11:33 [http-nio-8080-exec-6] DEBUG org.hibernate.SQL - 
    select
        p1_0.id,
        p1_0.created_at,
        p1_0.description,
        p1_0.features,
        p1_0.is_active,
        p1_0.is_custom,
        p1_0.max_api_calls,
        p1_0.max_storage_gb,
        p1_0.max_users,
        p1_0.monthly_price,
        p1_0.name,
        p1_0.updated_at 
    from
        plans p1_0 
    where
        p1_0.id=?
2026-01-10 13:11:34 [http-nio-8080-exec-6] DEBUG c.s.p.multitenancy.TenantFilter - Tenant context cleared
2026-01-10 13:11:34 [http-nio-8080-exec-6] INFO  c.s.p.config.RequestLoggingFilter - API Response: GET /api/subscriptions/tenant/9 completed in 649ms
2026-01-10 13:11:34 [http-nio-8080-exec-6] DEBUG c.s.p.s.JwtAuthenticationFilter - Tenant context cleared after request
2026-01-10 13:14:25 [http-nio-8080-exec-9] DEBUG o.s.security.web.FilterChainProxy - Securing OPTIONS /api/auth/login
2026-01-10 13:14:25 [http-nio-8080-exec-9] DEBUG o.s.security.web.FilterChainProxy - Securing POST /api/auth/login
2026-01-10 13:14:25 [http-nio-8080-exec-9] DEBUG o.s.s.w.a.AnonymousAuthenticationFilter - Set SecurityContextHolder to anonymous SecurityContext
2026-01-10 13:14:25 [http-nio-8080-exec-9] DEBUG o.s.security.web.FilterChainProxy - Secured POST /api/auth/login
2026-01-10 13:14:25 [http-nio-8080-exec-9] INFO  c.s.p.config.RequestLoggingFilter - API Request: POST /api/auth/login from 0:0:0:0:0:0:0:1
2026-01-10 13:14:25 [http-nio-8080-exec-9] DEBUG c.s.p.multitenancy.TenantFilter - No tenant identifier found in request
2026-01-10 13:14:25 [http-nio-8080-exec-9] DEBUG c.s.p.multitenancy.TenantFilter - No tenant identifier found, using default
2026-01-10 13:14:25 [http-nio-8080-exec-9] INFO  c.saas.platform.service.AuthService - Login attempt for email: chouhanankur406@gmail.com
2026-01-10 13:14:26 [http-nio-8080-exec-9] DEBUG org.hibernate.SQL - 
    /* <criteria> */ select
        u1_0.id,
        u1_0.active,
        u1_0.created_at,
        u1_0.email,
        u1_0.first_name,
        u1_0.last_login,
        u1_0.last_name,
        u1_0.password,
        u1_0.role,
        u1_0.tenant_id 
    from
        users u1_0 
    where
        u1_0.email=?
2026-01-10 13:14:26 [http-nio-8080-exec-9] DEBUG org.hibernate.SQL - 
    select
        t1_0.id,
        t1_0.created_at,
        t1_0.database_name,
        t1_0.name,
        t1_0.status,
        t1_0.subdomain,
        t1_0.updated_at 
    from
        tenants t1_0 
    where
        t1_0.id=?
2026-01-10 13:14:26 [http-nio-8080-exec-9] DEBUG org.hibernate.SQL - 
    /* <criteria> */ select
        tfa1_0.id,
        tfa1_0.backup_codes,
        tfa1_0.created_at,
        tfa1_0.email,
        tfa1_0.failed_attempts,
        tfa1_0.is_enabled,
        tfa1_0.is_verified,
        tfa1_0.last_used_at,
        tfa1_0.locked_until,
        tfa1_0.method,
        tfa1_0.phone_number,
        tfa1_0.secret_key,
        tfa1_0.updated_at,
        tfa1_0.user_id 
    from
        two_factor_auth tfa1_0 
    where
        tfa1_0.user_id=?
2026-01-10 13:14:30 [http-nio-8080-exec-9] DEBUG org.hibernate.SQL - 
    /* insert for
        com.saas.platform.model.ActivityLog */insert 
    into
        activity_logs (action, action_type, created_at, details, ip_address, tenant_id, user_agent, user_email, user_id, user_name) 
    values
        (?, ?, ?, ?, ?, ?, ?, ?, ?, ?)
2026-01-10 13:14:31 [http-nio-8080-exec-9] DEBUG c.s.p.service.ActivityLogService - Activity logged: Logged in by chouhanankur406@gmail.com
2026-01-10 13:14:31 [http-nio-8080-exec-9] INFO  c.saas.platform.service.AuthService - Login successful for user: chouhanankur406@gmail.com with role: TENANT_OWNER
2026-01-10 13:14:31 [http-nio-8080-exec-9] DEBUG c.s.p.multitenancy.TenantFilter - Tenant context cleared
2026-01-10 13:14:31 [http-nio-8080-exec-9] INFO  c.s.p.config.RequestLoggingFilter - API Response: POST /api/auth/login completed in 6422ms
2026-01-10 13:14:31 [http-nio-8080-exec-10] DEBUG o.s.security.web.FilterChainProxy - Securing OPTIONS /api/auth/login
2026-01-10 13:14:31 [http-nio-8080-exec-1] DEBUG o.s.security.web.FilterChainProxy - Securing POST /api/auth/login
2026-01-10 13:14:31 [http-nio-8080-exec-1] DEBUG o.s.s.w.a.AnonymousAuthenticationFilter - Set SecurityContextHolder to anonymous SecurityContext
2026-01-10 13:14:31 [http-nio-8080-exec-1] DEBUG o.s.security.web.FilterChainProxy - Secured POST /api/auth/login
2026-01-10 13:14:31 [http-nio-8080-exec-1] INFO  c.s.p.config.RequestLoggingFilter - API Request: POST /api/auth/login from 0:0:0:0:0:0:0:1
2026-01-10 13:14:31 [http-nio-8080-exec-1] DEBUG c.s.p.multitenancy.TenantFilter - Tenant resolved from header: 9
2026-01-10 13:14:31 [http-nio-8080-exec-1] DEBUG c.s.p.multitenancy.TenantFilter - Tenant context set to: 9
2026-01-10 13:14:31 [http-nio-8080-exec-1] INFO  c.saas.platform.service.AuthService - Login attempt for email: chouhanankur406@gmail.com
2026-01-10 13:14:31 [http-nio-8080-exec-1] DEBUG org.hibernate.SQL - 
    /* <criteria> */ select
        u1_0.id,
        u1_0.active,
        u1_0.created_at,
        u1_0.email,
        u1_0.first_name,
        u1_0.last_login,
        u1_0.last_name,
        u1_0.password,
        u1_0.role,
        u1_0.tenant_id 
    from
        users u1_0 
    where
        u1_0.email=?
2026-01-10 13:14:31 [http-nio-8080-exec-1] DEBUG org.hibernate.SQL - 
    select
        t1_0.id,
        t1_0.created_at,
        t1_0.database_name,
        t1_0.name,
        t1_0.status,
        t1_0.subdomain,
        t1_0.updated_at 
    from
        tenants t1_0 
    where
        t1_0.id=?
2026-01-10 13:14:32 [http-nio-8080-exec-1] DEBUG org.hibernate.SQL - 
    /* <criteria> */ select
        tfa1_0.id,
        tfa1_0.backup_codes,
        tfa1_0.created_at,
        tfa1_0.email,
        tfa1_0.failed_attempts,
        tfa1_0.is_enabled,
        tfa1_0.is_verified,
        tfa1_0.last_used_at,
        tfa1_0.locked_until,
        tfa1_0.method,
        tfa1_0.phone_number,
        tfa1_0.secret_key,
        tfa1_0.updated_at,
        tfa1_0.user_id 
    from
        two_factor_auth tfa1_0 
    where
        tfa1_0.user_id=?
2026-01-10 13:14:32 [http-nio-8080-exec-1] DEBUG org.hibernate.SQL - 
    /* insert for
        com.saas.platform.model.ActivityLog */insert 
    into
        activity_logs (action, action_type, created_at, details, ip_address, tenant_id, user_agent, user_email, user_id, user_name) 
    values
        (?, ?, ?, ?, ?, ?, ?, ?, ?, ?)
2026-01-10 13:14:32 [http-nio-8080-exec-1] DEBUG c.s.p.service.ActivityLogService - Activity logged: Logged in by chouhanankur406@gmail.com
2026-01-10 13:14:32 [http-nio-8080-exec-1] INFO  c.saas.platform.service.AuthService - Login successful for user: chouhanankur406@gmail.com with role: TENANT_OWNER
2026-01-10 13:14:32 [http-nio-8080-exec-1] DEBUG c.s.p.multitenancy.TenantFilter - Tenant context cleared
2026-01-10 13:14:32 [http-nio-8080-exec-1] INFO  c.s.p.config.RequestLoggingFilter - API Response: POST /api/auth/login completed in 445ms
2026-01-10 13:14:32 [http-nio-8080-exec-2] DEBUG o.s.security.web.FilterChainProxy - Securing OPTIONS /api/users/tenant/9
2026-01-10 13:14:32 [http-nio-8080-exec-3] DEBUG o.s.security.web.FilterChainProxy - Securing OPTIONS /api/users/tenant/9
2026-01-10 13:14:32 [http-nio-8080-exec-4] DEBUG o.s.security.web.FilterChainProxy - Securing GET /api/users/tenant/9
2026-01-10 13:14:32 [http-nio-8080-exec-4] DEBUG c.s.p.s.JwtAuthenticationFilter - Set tenant context: 9
2026-01-10 13:14:32 [http-nio-8080-exec-4] DEBUG c.s.p.s.JwtAuthenticationFilter - JWT authentication successful for user: chouhanankur406@gmail.com with role: ROLE_TENANT_OWNER (tenant: 9)
2026-01-10 13:14:32 [http-nio-8080-exec-4] DEBUG o.s.security.web.FilterChainProxy - Secured GET /api/users/tenant/9
2026-01-10 13:14:32 [http-nio-8080-exec-4] INFO  c.s.p.config.RequestLoggingFilter - API Request: GET /api/users/tenant/9 from 0:0:0:0:0:0:0:1
2026-01-10 13:14:32 [http-nio-8080-exec-4] DEBUG c.s.p.multitenancy.TenantFilter - Tenant resolved from header: 9
2026-01-10 13:14:32 [http-nio-8080-exec-4] DEBUG c.s.p.multitenancy.TenantFilter - Tenant context set to: 9
2026-01-10 13:14:32 [http-nio-8080-exec-4] DEBUG org.hibernate.SQL - 
    /* <criteria> */ select
        u1_0.id,
        u1_0.active,
        u1_0.created_at,
        u1_0.email,
        u1_0.first_name,
        u1_0.last_login,
        u1_0.last_name,
        u1_0.password,
        u1_0.role,
        u1_0.tenant_id 
    from
        users u1_0 
    where
        u1_0.email=?
2026-01-10 13:14:32 [http-nio-8080-exec-4] DEBUG org.hibernate.SQL - 
    select
        t1_0.id,
        t1_0.created_at,
        t1_0.database_name,
        t1_0.name,
        t1_0.status,
        t1_0.subdomain,
        t1_0.updated_at 
    from
        tenants t1_0 
    where
        t1_0.id=?
2026-01-10 13:14:32 [http-nio-8080-exec-4] DEBUG org.hibernate.SQL - 
    /* <criteria> */ select
        u1_0.id,
        u1_0.active,
        u1_0.created_at,
        u1_0.email,
        u1_0.first_name,
        u1_0.last_login,
        u1_0.last_name,
        u1_0.password,
        u1_0.role,
        u1_0.tenant_id 
    from
        users u1_0 
    left join
        tenants t1_0 
            on t1_0.id=u1_0.tenant_id 
    where
        t1_0.id=?
2026-01-10 13:14:32 [http-nio-8080-exec-4] DEBUG c.s.p.multitenancy.TenantFilter - Tenant context cleared
2026-01-10 13:14:32 [http-nio-8080-exec-4] INFO  c.s.p.config.RequestLoggingFilter - API Response: GET /api/users/tenant/9 completed in 145ms
2026-01-10 13:14:32 [http-nio-8080-exec-4] DEBUG c.s.p.s.JwtAuthenticationFilter - Tenant context cleared after request
2026-01-10 13:14:32 [http-nio-8080-exec-5] DEBUG o.s.security.web.FilterChainProxy - Securing GET /api/users/tenant/9
2026-01-10 13:14:32 [http-nio-8080-exec-6] DEBUG o.s.security.web.FilterChainProxy - Securing OPTIONS /api/subscriptions/tenant/9
2026-01-10 13:14:32 [http-nio-8080-exec-8] DEBUG o.s.security.web.FilterChainProxy - Securing GET /api/subscriptions/tenant/9
2026-01-10 13:14:32 [http-nio-8080-exec-5] DEBUG c.s.p.s.JwtAuthenticationFilter - Set tenant context: 9
2026-01-10 13:14:32 [http-nio-8080-exec-5] DEBUG c.s.p.s.JwtAuthenticationFilter - JWT authentication successful for user: chouhanankur406@gmail.com with role: ROLE_TENANT_OWNER (tenant: 9)
2026-01-10 13:14:33 [http-nio-8080-exec-5] DEBUG o.s.security.web.FilterChainProxy - Secured GET /api/users/tenant/9
2026-01-10 13:14:33 [http-nio-8080-exec-5] INFO  c.s.p.config.RequestLoggingFilter - API Request: GET /api/users/tenant/9 from 0:0:0:0:0:0:0:1
2026-01-10 13:14:33 [http-nio-8080-exec-5] DEBUG c.s.p.multitenancy.TenantFilter - Tenant resolved from header: 9
2026-01-10 13:14:33 [http-nio-8080-exec-5] DEBUG c.s.p.multitenancy.TenantFilter - Tenant context set to: 9
2026-01-10 13:14:33 [http-nio-8080-exec-8] DEBUG c.s.p.s.JwtAuthenticationFilter - Set tenant context: 9
2026-01-10 13:14:33 [http-nio-8080-exec-8] DEBUG c.s.p.s.JwtAuthenticationFilter - JWT authentication successful for user: chouhanankur406@gmail.com with role: ROLE_TENANT_OWNER (tenant: 9)
2026-01-10 13:14:33 [http-nio-8080-exec-8] DEBUG o.s.security.web.FilterChainProxy - Secured GET /api/subscriptions/tenant/9
2026-01-10 13:14:33 [http-nio-8080-exec-8] INFO  c.s.p.config.RequestLoggingFilter - API Request: GET /api/subscriptions/tenant/9 from 0:0:0:0:0:0:0:1
2026-01-10 13:14:33 [http-nio-8080-exec-8] DEBUG c.s.p.multitenancy.TenantFilter - Tenant resolved from header: 9
2026-01-10 13:14:33 [http-nio-8080-exec-8] DEBUG c.s.p.multitenancy.TenantFilter - Tenant context set to: 9
2026-01-10 13:14:33 [http-nio-8080-exec-5] DEBUG org.hibernate.SQL - 
    /* <criteria> */ select
        u1_0.id,
        u1_0.active,
        u1_0.created_at,
        u1_0.email,
        u1_0.first_name,
        u1_0.last_login,
        u1_0.last_name,
        u1_0.password,
        u1_0.role,
        u1_0.tenant_id 
    from
        users u1_0 
    where
        u1_0.email=?
2026-01-10 13:14:33 [http-nio-8080-exec-8] DEBUG org.hibernate.SQL - 
    /* <criteria> */ select
        u1_0.id,
        u1_0.active,
        u1_0.created_at,
        u1_0.email,
        u1_0.first_name,
        u1_0.last_login,
        u1_0.last_name,
        u1_0.password,
        u1_0.role,
        u1_0.tenant_id 
    from
        users u1_0 
    where
        u1_0.email=?
2026-01-10 13:14:33 [http-nio-8080-exec-8] DEBUG org.hibernate.SQL - 
    select
        t1_0.id,
        t1_0.created_at,
        t1_0.database_name,
        t1_0.name,
        t1_0.status,
        t1_0.subdomain,
        t1_0.updated_at 
    from
        tenants t1_0 
    where
        t1_0.id=?
2026-01-10 13:14:33 [http-nio-8080-exec-5] DEBUG org.hibernate.SQL - 
    select
        t1_0.id,
        t1_0.created_at,
        t1_0.database_name,
        t1_0.name,
        t1_0.status,
        t1_0.subdomain,
        t1_0.updated_at 
    from
        tenants t1_0 
    where
        t1_0.id=?
2026-01-10 13:14:33 [http-nio-8080-exec-8] DEBUG org.hibernate.SQL - 
    /* <criteria> */ select
        s1_0.id,
        s1_0.auto_renew,
        s1_0.created_at,
        s1_0.current_api_calls,
        s1_0.current_users,
        s1_0.end_date,
        s1_0.is_active,
        s1_0.plan_id,
        s1_0.renewal_date,
        s1_0.start_date,
        s1_0.tenant_id,
        s1_0.updated_at 
    from
        subscriptions s1_0 
    left join
        tenants t1_0 
            on t1_0.id=s1_0.tenant_id 
    where
        t1_0.id=?
2026-01-10 13:14:33 [http-nio-8080-exec-5] DEBUG org.hibernate.SQL - 
    /* <criteria> */ select
        u1_0.id,
        u1_0.active,
        u1_0.created_at,
        u1_0.email,
        u1_0.first_name,
        u1_0.last_login,
        u1_0.last_name,
        u1_0.password,
        u1_0.role,
        u1_0.tenant_id 
    from
        users u1_0 
    left join
        tenants t1_0 
            on t1_0.id=u1_0.tenant_id 
    where
        t1_0.id=?
2026-01-10 13:14:33 [http-nio-8080-exec-8] DEBUG org.hibernate.SQL - 
    select
        p1_0.id,
        p1_0.created_at,
        p1_0.description,
        p1_0.features,
        p1_0.is_active,
        p1_0.is_custom,
        p1_0.max_api_calls,
        p1_0.max_storage_gb,
        p1_0.max_users,
        p1_0.monthly_price,
        p1_0.name,
        p1_0.updated_at 
    from
        plans p1_0 
    where
        p1_0.id=?
2026-01-10 13:14:33 [http-nio-8080-exec-5] DEBUG c.s.p.multitenancy.TenantFilter - Tenant context cleared
2026-01-10 13:14:33 [http-nio-8080-exec-5] INFO  c.s.p.config.RequestLoggingFilter - API Response: GET /api/users/tenant/9 completed in 185ms
2026-01-10 13:14:33 [http-nio-8080-exec-5] DEBUG c.s.p.s.JwtAuthenticationFilter - Tenant context cleared after request
2026-01-10 13:14:33 [http-nio-8080-exec-8] DEBUG c.s.p.multitenancy.TenantFilter - Tenant context cleared
2026-01-10 13:14:33 [http-nio-8080-exec-8] INFO  c.s.p.config.RequestLoggingFilter - API Response: GET /api/subscriptions/tenant/9 completed in 216ms
2026-01-10 13:14:33 [http-nio-8080-exec-8] DEBUG c.s.p.s.JwtAuthenticationFilter - Tenant context cleared after request
2026-01-10 13:14:33 [http-nio-8080-exec-7] DEBUG o.s.security.web.FilterChainProxy - Securing GET /api/subscriptions/tenant/9
2026-01-10 13:14:33 [http-nio-8080-exec-7] DEBUG c.s.p.s.JwtAuthenticationFilter - Set tenant context: 9
2026-01-10 13:14:33 [http-nio-8080-exec-7] DEBUG c.s.p.s.JwtAuthenticationFilter - JWT authentication successful for user: chouhanankur406@gmail.com with role: ROLE_TENANT_OWNER (tenant: 9)
2026-01-10 13:14:33 [http-nio-8080-exec-7] DEBUG o.s.security.web.FilterChainProxy - Secured GET /api/subscriptions/tenant/9
2026-01-10 13:14:33 [http-nio-8080-exec-7] INFO  c.s.p.config.RequestLoggingFilter - API Request: GET /api/subscriptions/tenant/9 from 0:0:0:0:0:0:0:1
2026-01-10 13:14:33 [http-nio-8080-exec-7] DEBUG c.s.p.multitenancy.TenantFilter - Tenant resolved from header: 9
2026-01-10 13:14:33 [http-nio-8080-exec-7] DEBUG c.s.p.multitenancy.TenantFilter - Tenant context set to: 9
2026-01-10 13:14:33 [http-nio-8080-exec-7] DEBUG org.hibernate.SQL - 
    /* <criteria> */ select
        u1_0.id,
        u1_0.active,
        u1_0.created_at,
        u1_0.email,
        u1_0.first_name,
        u1_0.last_login,
        u1_0.last_name,
        u1_0.password,
        u1_0.role,
        u1_0.tenant_id 
    from
        users u1_0 
    where
        u1_0.email=?
2026-01-10 13:14:33 [http-nio-8080-exec-7] DEBUG org.hibernate.SQL - 
    select
        t1_0.id,
        t1_0.created_at,
        t1_0.database_name,
        t1_0.name,
        t1_0.status,
        t1_0.subdomain,
        t1_0.updated_at 
    from
        tenants t1_0 
    where
        t1_0.id=?
2026-01-10 13:14:34 [http-nio-8080-exec-7] DEBUG org.hibernate.SQL - 
    /* <criteria> */ select
        s1_0.id,
        s1_0.auto_renew,
        s1_0.created_at,
        s1_0.current_api_calls,
        s1_0.current_users,
        s1_0.end_date,
        s1_0.is_active,
        s1_0.plan_id,
        s1_0.renewal_date,
        s1_0.start_date,
        s1_0.tenant_id,
        s1_0.updated_at 
    from
        subscriptions s1_0 
    left join
        tenants t1_0 
            on t1_0.id=s1_0.tenant_id 
    where
        t1_0.id=?
2026-01-10 13:14:34 [http-nio-8080-exec-7] DEBUG org.hibernate.SQL - 
    select
        p1_0.id,
        p1_0.created_at,
        p1_0.description,
        p1_0.features,
        p1_0.is_active,
        p1_0.is_custom,
        p1_0.max_api_calls,
        p1_0.max_storage_gb,
        p1_0.max_users,
        p1_0.monthly_price,
        p1_0.name,
        p1_0.updated_at 
    from
        plans p1_0 
    where
        p1_0.id=?
2026-01-10 13:14:34 [http-nio-8080-exec-7] DEBUG c.s.p.multitenancy.TenantFilter - Tenant context cleared
2026-01-10 13:14:34 [http-nio-8080-exec-7] INFO  c.s.p.config.RequestLoggingFilter - API Response: GET /api/subscriptions/tenant/9 completed in 995ms
2026-01-10 13:14:34 [http-nio-8080-exec-7] DEBUG c.s.p.s.JwtAuthenticationFilter - Tenant context cleared after request
2026-01-10 13:16:41 [http-nio-8080-exec-1] DEBUG o.s.security.web.FilterChainProxy - Securing OPTIONS /api/webhooks/tenant/9
2026-01-10 13:16:41 [http-nio-8080-exec-2] DEBUG o.s.security.web.FilterChainProxy - Securing OPTIONS /api/webhooks/tenant/9
2026-01-10 13:16:41 [http-nio-8080-exec-3] DEBUG o.s.security.web.FilterChainProxy - Securing GET /api/webhooks/tenant/9
2026-01-10 13:16:41 [http-nio-8080-exec-3] DEBUG c.s.p.s.JwtAuthenticationFilter - Set tenant context: 9
2026-01-10 13:16:41 [http-nio-8080-exec-3] DEBUG c.s.p.s.JwtAuthenticationFilter - JWT authentication successful for user: chouhanankur406@gmail.com with role: ROLE_TENANT_OWNER (tenant: 9)
2026-01-10 13:16:41 [http-nio-8080-exec-3] DEBUG o.s.security.web.FilterChainProxy - Secured GET /api/webhooks/tenant/9
2026-01-10 13:16:41 [http-nio-8080-exec-3] INFO  c.s.p.config.RequestLoggingFilter - API Request: GET /api/webhooks/tenant/9 from 0:0:0:0:0:0:0:1
2026-01-10 13:16:41 [http-nio-8080-exec-3] DEBUG c.s.p.multitenancy.TenantFilter - Tenant resolved from header: 9
2026-01-10 13:16:41 [http-nio-8080-exec-3] DEBUG c.s.p.multitenancy.TenantFilter - Tenant context set to: 9
2026-01-10 13:16:41 [http-nio-8080-exec-3] DEBUG o.s.s.a.m.AuthorizationManagerBeforeMethodInterceptor - Authorizing method invocation ReflectiveMethodInvocation: public org.springframework.http.ResponseEntity com.saas.platform.controller.WebhookController.getTenantWebhooks(java.lang.Long); target is of class [com.saas.platform.controller.WebhookController]
2026-01-10 13:16:41 [http-nio-8080-exec-3] DEBUG o.s.s.a.m.AuthorizationManagerBeforeMethodInterceptor - Authorized method invocation ReflectiveMethodInvocation: public org.springframework.http.ResponseEntity com.saas.platform.controller.WebhookController.getTenantWebhooks(java.lang.Long); target is of class [com.saas.platform.controller.WebhookController]
2026-01-10 13:16:41 [http-nio-8080-exec-3] DEBUG org.hibernate.SQL - 
    /* <criteria> */ select
        u1_0.id,
        u1_0.active,
        u1_0.created_at,
        u1_0.email,
        u1_0.first_name,
        u1_0.last_login,
        u1_0.last_name,
        u1_0.password,
        u1_0.role,
        u1_0.tenant_id 
    from
        users u1_0 
    where
        u1_0.email=?
2026-01-10 13:16:41 [http-nio-8080-exec-3] DEBUG org.hibernate.SQL - 
    select
        t1_0.id,
        t1_0.created_at,
        t1_0.database_name,
        t1_0.name,
        t1_0.status,
        t1_0.subdomain,
        t1_0.updated_at 
    from
        tenants t1_0 
    where
        t1_0.id=?
2026-01-10 13:16:41 [http-nio-8080-exec-3] DEBUG org.hibernate.SQL - 
    /* <criteria> */ select
        w1_0.id,
        w1_0.created_at,
        w1_0.events,
        w1_0.failure_count,
        w1_0.is_active,
        w1_0.last_triggered_at,
        w1_0.name,
        w1_0.retry_count,
        w1_0.secret_key,
        w1_0.success_count,
        w1_0.tenant_id,
        w1_0.timeout_seconds,
        w1_0.updated_at,
        w1_0.url 
    from
        webhooks w1_0 
    where
        w1_0.tenant_id=?
2026-01-10 13:16:41 [http-nio-8080-exec-3] DEBUG c.s.p.multitenancy.TenantFilter - Tenant context cleared
2026-01-10 13:16:41 [http-nio-8080-exec-3] INFO  c.s.p.config.RequestLoggingFilter - API Response: GET /api/webhooks/tenant/9 completed in 269ms
2026-01-10 13:16:41 [http-nio-8080-exec-3] DEBUG c.s.p.s.JwtAuthenticationFilter - Tenant context cleared after request
2026-01-10 13:16:41 [http-nio-8080-exec-4] DEBUG o.s.security.web.FilterChainProxy - Securing GET /api/webhooks/tenant/9
2026-01-10 13:16:41 [http-nio-8080-exec-4] DEBUG c.s.p.s.JwtAuthenticationFilter - Set tenant context: 9
2026-01-10 13:16:41 [http-nio-8080-exec-4] DEBUG c.s.p.s.JwtAuthenticationFilter - JWT authentication successful for user: chouhanankur406@gmail.com with role: ROLE_TENANT_OWNER (tenant: 9)
2026-01-10 13:16:41 [http-nio-8080-exec-4] DEBUG o.s.security.web.FilterChainProxy - Secured GET /api/webhooks/tenant/9
2026-01-10 13:16:41 [http-nio-8080-exec-4] INFO  c.s.p.config.RequestLoggingFilter - API Request: GET /api/webhooks/tenant/9 from 0:0:0:0:0:0:0:1
2026-01-10 13:16:41 [http-nio-8080-exec-4] DEBUG c.s.p.multitenancy.TenantFilter - Tenant resolved from header: 9
2026-01-10 13:16:41 [http-nio-8080-exec-4] DEBUG c.s.p.multitenancy.TenantFilter - Tenant context set to: 9
2026-01-10 13:16:41 [http-nio-8080-exec-4] DEBUG o.s.s.a.m.AuthorizationManagerBeforeMethodInterceptor - Authorizing method invocation ReflectiveMethodInvocation: public org.springframework.http.ResponseEntity com.saas.platform.controller.WebhookController.getTenantWebhooks(java.lang.Long); target is of class [com.saas.platform.controller.WebhookController]
2026-01-10 13:16:41 [http-nio-8080-exec-4] DEBUG o.s.s.a.m.AuthorizationManagerBeforeMethodInterceptor - Authorized method invocation ReflectiveMethodInvocation: public org.springframework.http.ResponseEntity com.saas.platform.controller.WebhookController.getTenantWebhooks(java.lang.Long); target is of class [com.saas.platform.controller.WebhookController]
2026-01-10 13:16:41 [http-nio-8080-exec-4] DEBUG org.hibernate.SQL - 
    /* <criteria> */ select
        u1_0.id,
        u1_0.active,
        u1_0.created_at,
        u1_0.email,
        u1_0.first_name,
        u1_0.last_login,
        u1_0.last_name,
        u1_0.password,
        u1_0.role,
        u1_0.tenant_id 
    from
        users u1_0 
    where
        u1_0.email=?
2026-01-10 13:16:41 [http-nio-8080-exec-4] DEBUG org.hibernate.SQL - 
    select
        t1_0.id,
        t1_0.created_at,
        t1_0.database_name,
        t1_0.name,
        t1_0.status,
        t1_0.subdomain,
        t1_0.updated_at 
    from
        tenants t1_0 
    where
        t1_0.id=?
2026-01-10 13:16:41 [http-nio-8080-exec-4] DEBUG org.hibernate.SQL - 
    /* <criteria> */ select
        w1_0.id,
        w1_0.created_at,
        w1_0.events,
        w1_0.failure_count,
        w1_0.is_active,
        w1_0.last_triggered_at,
        w1_0.name,
        w1_0.retry_count,
        w1_0.secret_key,
        w1_0.success_count,
        w1_0.tenant_id,
        w1_0.timeout_seconds,
        w1_0.updated_at,
        w1_0.url 
    from
        webhooks w1_0 
    where
        w1_0.tenant_id=?
2026-01-10 13:16:41 [http-nio-8080-exec-4] DEBUG c.s.p.multitenancy.TenantFilter - Tenant context cleared
2026-01-10 13:16:41 [http-nio-8080-exec-4] INFO  c.s.p.config.RequestLoggingFilter - API Response: GET /api/webhooks/tenant/9 completed in 136ms
2026-01-10 13:16:41 [http-nio-8080-exec-4] DEBUG c.s.p.s.JwtAuthenticationFilter - Tenant context cleared after request
2026-01-10 13:16:47 [http-nio-8080-exec-6] DEBUG o.s.security.web.FilterChainProxy - Securing OPTIONS /api/webhooks/7
2026-01-10 13:16:48 [http-nio-8080-exec-5] DEBUG o.s.security.web.FilterChainProxy - Securing DELETE /api/webhooks/7
2026-01-10 13:16:48 [http-nio-8080-exec-5] DEBUG c.s.p.s.JwtAuthenticationFilter - Set tenant context: 9
2026-01-10 13:16:48 [http-nio-8080-exec-5] DEBUG c.s.p.s.JwtAuthenticationFilter - JWT authentication successful for user: chouhanankur406@gmail.com with role: ROLE_TENANT_OWNER (tenant: 9)
2026-01-10 13:16:48 [http-nio-8080-exec-5] DEBUG o.s.security.web.FilterChainProxy - Secured DELETE /api/webhooks/7
2026-01-10 13:16:48 [http-nio-8080-exec-5] INFO  c.s.p.config.RequestLoggingFilter - API Request: DELETE /api/webhooks/7 from 0:0:0:0:0:0:0:1
2026-01-10 13:16:48 [http-nio-8080-exec-5] DEBUG c.s.p.multitenancy.TenantFilter - Tenant resolved from header: 9
2026-01-10 13:16:48 [http-nio-8080-exec-5] DEBUG c.s.p.multitenancy.TenantFilter - Tenant context set to: 9
2026-01-10 13:16:48 [http-nio-8080-exec-5] DEBUG o.s.s.a.m.AuthorizationManagerBeforeMethodInterceptor - Authorizing method invocation ReflectiveMethodInvocation: public org.springframework.http.ResponseEntity com.saas.platform.controller.WebhookController.deleteWebhook(java.lang.Long); target is of class [com.saas.platform.controller.WebhookController]
2026-01-10 13:16:48 [http-nio-8080-exec-5] DEBUG o.s.s.a.m.AuthorizationManagerBeforeMethodInterceptor - Authorized method invocation ReflectiveMethodInvocation: public org.springframework.http.ResponseEntity com.saas.platform.controller.WebhookController.deleteWebhook(java.lang.Long); target is of class [com.saas.platform.controller.WebhookController]
2026-01-10 13:16:48 [http-nio-8080-exec-5] INFO  c.s.platform.service.WebhookService - Deleting webhook ID: 7
2026-01-10 13:16:48 [http-nio-8080-exec-5] DEBUG org.hibernate.SQL - 
    select
        w1_0.id,
        w1_0.created_at,
        w1_0.events,
        w1_0.failure_count,
        w1_0.is_active,
        w1_0.last_triggered_at,
        w1_0.name,
        w1_0.retry_count,
        w1_0.secret_key,
        w1_0.success_count,
        w1_0.tenant_id,
        w1_0.timeout_seconds,
        w1_0.updated_at,
        w1_0.url 
    from
        webhooks w1_0 
    where
        w1_0.id=?
2026-01-10 13:16:48 [http-nio-8080-exec-5] INFO  c.s.platform.service.WebhookService - Webhook deleted successfully
2026-01-10 13:16:48 [http-nio-8080-exec-5] DEBUG org.hibernate.SQL - 
    /* delete for com.saas.platform.model.Webhook */delete 
    from
        webhooks 
    where
        id=?
2026-01-10 13:16:48 [http-nio-8080-exec-5] DEBUG c.s.p.multitenancy.TenantFilter - Tenant context cleared
2026-01-10 13:16:48 [http-nio-8080-exec-5] INFO  c.s.p.config.RequestLoggingFilter - API Response: DELETE /api/webhooks/7 completed in 457ms
2026-01-10 13:16:48 [http-nio-8080-exec-5] DEBUG c.s.p.s.JwtAuthenticationFilter - Tenant context cleared after request
2026-01-10 13:16:48 [http-nio-8080-exec-8] DEBUG o.s.security.web.FilterChainProxy - Securing OPTIONS /api/webhooks/tenant/9
2026-01-10 13:16:48 [http-nio-8080-exec-7] DEBUG o.s.security.web.FilterChainProxy - Securing GET /api/webhooks/tenant/9
2026-01-10 13:16:48 [http-nio-8080-exec-7] DEBUG c.s.p.s.JwtAuthenticationFilter - Set tenant context: 9
2026-01-10 13:16:48 [http-nio-8080-exec-7] DEBUG c.s.p.s.JwtAuthenticationFilter - JWT authentication successful for user: chouhanankur406@gmail.com with role: ROLE_TENANT_OWNER (tenant: 9)
2026-01-10 13:16:48 [http-nio-8080-exec-7] DEBUG o.s.security.web.FilterChainProxy - Secured GET /api/webhooks/tenant/9
2026-01-10 13:16:48 [http-nio-8080-exec-7] INFO  c.s.p.config.RequestLoggingFilter - API Request: GET /api/webhooks/tenant/9 from 0:0:0:0:0:0:0:1
2026-01-10 13:16:48 [http-nio-8080-exec-7] DEBUG c.s.p.multitenancy.TenantFilter - Tenant resolved from header: 9
2026-01-10 13:16:48 [http-nio-8080-exec-7] DEBUG c.s.p.multitenancy.TenantFilter - Tenant context set to: 9
2026-01-10 13:16:48 [http-nio-8080-exec-7] DEBUG o.s.s.a.m.AuthorizationManagerBeforeMethodInterceptor - Authorizing method invocation ReflectiveMethodInvocation: public org.springframework.http.ResponseEntity com.saas.platform.controller.WebhookController.getTenantWebhooks(java.lang.Long); target is of class [com.saas.platform.controller.WebhookController]
2026-01-10 13:16:48 [http-nio-8080-exec-7] DEBUG o.s.s.a.m.AuthorizationManagerBeforeMethodInterceptor - Authorized method invocation ReflectiveMethodInvocation: public org.springframework.http.ResponseEntity com.saas.platform.controller.WebhookController.getTenantWebhooks(java.lang.Long); target is of class [com.saas.platform.controller.WebhookController]
2026-01-10 13:16:48 [http-nio-8080-exec-7] DEBUG org.hibernate.SQL - 
    /* <criteria> */ select
        u1_0.id,
        u1_0.active,
        u1_0.created_at,
        u1_0.email,
        u1_0.first_name,
        u1_0.last_login,
        u1_0.last_name,
        u1_0.password,
        u1_0.role,
        u1_0.tenant_id 
    from
        users u1_0 
    where
        u1_0.email=?
2026-01-10 13:16:48 [http-nio-8080-exec-7] DEBUG org.hibernate.SQL - 
    select
        t1_0.id,
        t1_0.created_at,
        t1_0.database_name,
        t1_0.name,
        t1_0.status,
        t1_0.subdomain,
        t1_0.updated_at 
    from
        tenants t1_0 
    where
        t1_0.id=?
2026-01-10 13:16:49 [http-nio-8080-exec-7] DEBUG org.hibernate.SQL - 
    /* <criteria> */ select
        w1_0.id,
        w1_0.created_at,
        w1_0.events,
        w1_0.failure_count,
        w1_0.is_active,
        w1_0.last_triggered_at,
        w1_0.name,
        w1_0.retry_count,
        w1_0.secret_key,
        w1_0.success_count,
        w1_0.tenant_id,
        w1_0.timeout_seconds,
        w1_0.updated_at,
        w1_0.url 
    from
        webhooks w1_0 
    where
        w1_0.tenant_id=?
2026-01-10 13:16:49 [http-nio-8080-exec-7] DEBUG c.s.p.multitenancy.TenantFilter - Tenant context cleared
2026-01-10 13:16:49 [http-nio-8080-exec-7] INFO  c.s.p.config.RequestLoggingFilter - API Response: GET /api/webhooks/tenant/9 completed in 175ms
2026-01-10 13:16:49 [http-nio-8080-exec-7] DEBUG c.s.p.s.JwtAuthenticationFilter - Tenant context cleared after request
2026-01-10 13:25:18 [http-nio-8080-exec-1] DEBUG o.s.security.web.FilterChainProxy - Securing OPTIONS /api/webhooks/tenant/9
2026-01-10 13:25:18 [http-nio-8080-exec-2] DEBUG o.s.security.web.FilterChainProxy - Securing OPTIONS /api/webhooks/tenant/9
2026-01-10 13:25:18 [http-nio-8080-exec-3] DEBUG o.s.security.web.FilterChainProxy - Securing GET /api/webhooks/tenant/9
2026-01-10 13:25:18 [http-nio-8080-exec-3] DEBUG c.s.p.s.JwtAuthenticationFilter - Set tenant context: 9
2026-01-10 13:25:18 [http-nio-8080-exec-3] DEBUG c.s.p.s.JwtAuthenticationFilter - JWT authentication successful for user: chouhanankur406@gmail.com with role: ROLE_TENANT_OWNER (tenant: 9)
2026-01-10 13:25:18 [http-nio-8080-exec-3] DEBUG o.s.security.web.FilterChainProxy - Secured GET /api/webhooks/tenant/9
2026-01-10 13:25:18 [http-nio-8080-exec-3] INFO  c.s.p.config.RequestLoggingFilter - API Request: GET /api/webhooks/tenant/9 from 0:0:0:0:0:0:0:1
2026-01-10 13:25:18 [http-nio-8080-exec-3] DEBUG c.s.p.multitenancy.TenantFilter - Tenant resolved from header: 9
2026-01-10 13:25:18 [http-nio-8080-exec-3] DEBUG c.s.p.multitenancy.TenantFilter - Tenant context set to: 9
2026-01-10 13:25:18 [http-nio-8080-exec-3] DEBUG o.s.s.a.m.AuthorizationManagerBeforeMethodInterceptor - Authorizing method invocation ReflectiveMethodInvocation: public org.springframework.http.ResponseEntity com.saas.platform.controller.WebhookController.getTenantWebhooks(java.lang.Long); target is of class [com.saas.platform.controller.WebhookController]
2026-01-10 13:25:18 [http-nio-8080-exec-3] DEBUG o.s.s.a.m.AuthorizationManagerBeforeMethodInterceptor - Authorized method invocation ReflectiveMethodInvocation: public org.springframework.http.ResponseEntity com.saas.platform.controller.WebhookController.getTenantWebhooks(java.lang.Long); target is of class [com.saas.platform.controller.WebhookController]
2026-01-10 13:25:18 [http-nio-8080-exec-3] DEBUG org.hibernate.SQL - 
    /* <criteria> */ select
        u1_0.id,
        u1_0.active,
        u1_0.created_at,
        u1_0.email,
        u1_0.first_name,
        u1_0.last_login,
        u1_0.last_name,
        u1_0.password,
        u1_0.role,
        u1_0.tenant_id 
    from
        users u1_0 
    where
        u1_0.email=?
2026-01-10 13:25:18 [http-nio-8080-exec-3] DEBUG org.hibernate.SQL - 
    select
        t1_0.id,
        t1_0.created_at,
        t1_0.database_name,
        t1_0.name,
        t1_0.status,
        t1_0.subdomain,
        t1_0.updated_at 
    from
        tenants t1_0 
    where
        t1_0.id=?
2026-01-10 13:25:18 [http-nio-8080-exec-3] DEBUG org.hibernate.SQL - 
    /* <criteria> */ select
        w1_0.id,
        w1_0.created_at,
        w1_0.events,
        w1_0.failure_count,
        w1_0.is_active,
        w1_0.last_triggered_at,
        w1_0.name,
        w1_0.retry_count,
        w1_0.secret_key,
        w1_0.success_count,
        w1_0.tenant_id,
        w1_0.timeout_seconds,
        w1_0.updated_at,
        w1_0.url 
    from
        webhooks w1_0 
    where
        w1_0.tenant_id=?
2026-01-10 13:25:18 [http-nio-8080-exec-3] DEBUG c.s.p.multitenancy.TenantFilter - Tenant context cleared
2026-01-10 13:25:18 [http-nio-8080-exec-3] INFO  c.s.p.config.RequestLoggingFilter - API Response: GET /api/webhooks/tenant/9 completed in 329ms
2026-01-10 13:25:18 [http-nio-8080-exec-3] DEBUG c.s.p.s.JwtAuthenticationFilter - Tenant context cleared after request
2026-01-10 13:25:18 [http-nio-8080-exec-4] DEBUG o.s.security.web.FilterChainProxy - Securing GET /api/webhooks/tenant/9
2026-01-10 13:25:18 [http-nio-8080-exec-4] DEBUG c.s.p.s.JwtAuthenticationFilter - Set tenant context: 9
2026-01-10 13:25:18 [http-nio-8080-exec-4] DEBUG c.s.p.s.JwtAuthenticationFilter - JWT authentication successful for user: chouhanankur406@gmail.com with role: ROLE_TENANT_OWNER (tenant: 9)
2026-01-10 13:25:18 [http-nio-8080-exec-4] DEBUG o.s.security.web.FilterChainProxy - Secured GET /api/webhooks/tenant/9
2026-01-10 13:25:18 [http-nio-8080-exec-4] INFO  c.s.p.config.RequestLoggingFilter - API Request: GET /api/webhooks/tenant/9 from 0:0:0:0:0:0:0:1
2026-01-10 13:25:18 [http-nio-8080-exec-4] DEBUG c.s.p.multitenancy.TenantFilter - Tenant resolved from header: 9
2026-01-10 13:25:18 [http-nio-8080-exec-4] DEBUG c.s.p.multitenancy.TenantFilter - Tenant context set to: 9
2026-01-10 13:25:18 [http-nio-8080-exec-4] DEBUG o.s.s.a.m.AuthorizationManagerBeforeMethodInterceptor - Authorizing method invocation ReflectiveMethodInvocation: public org.springframework.http.ResponseEntity com.saas.platform.controller.WebhookController.getTenantWebhooks(java.lang.Long); target is of class [com.saas.platform.controller.WebhookController]
2026-01-10 13:25:18 [http-nio-8080-exec-4] DEBUG o.s.s.a.m.AuthorizationManagerBeforeMethodInterceptor - Authorized method invocation ReflectiveMethodInvocation: public org.springframework.http.ResponseEntity com.saas.platform.controller.WebhookController.getTenantWebhooks(java.lang.Long); target is of class [com.saas.platform.controller.WebhookController]
2026-01-10 13:25:19 [http-nio-8080-exec-4] DEBUG org.hibernate.SQL - 
    /* <criteria> */ select
        u1_0.id,
        u1_0.active,
        u1_0.created_at,
        u1_0.email,
        u1_0.first_name,
        u1_0.last_login,
        u1_0.last_name,
        u1_0.password,
        u1_0.role,
        u1_0.tenant_id 
    from
        users u1_0 
    where
        u1_0.email=?
2026-01-10 13:25:19 [http-nio-8080-exec-4] DEBUG org.hibernate.SQL - 
    select
        t1_0.id,
        t1_0.created_at,
        t1_0.database_name,
        t1_0.name,
        t1_0.status,
        t1_0.subdomain,
        t1_0.updated_at 
    from
        tenants t1_0 
    where
        t1_0.id=?
2026-01-10 13:25:19 [http-nio-8080-exec-4] DEBUG org.hibernate.SQL - 
    /* <criteria> */ select
        w1_0.id,
        w1_0.created_at,
        w1_0.events,
        w1_0.failure_count,
        w1_0.is_active,
        w1_0.last_triggered_at,
        w1_0.name,
        w1_0.retry_count,
        w1_0.secret_key,
        w1_0.success_count,
        w1_0.tenant_id,
        w1_0.timeout_seconds,
        w1_0.updated_at,
        w1_0.url 
    from
        webhooks w1_0 
    where
        w1_0.tenant_id=?
2026-01-10 13:25:19 [http-nio-8080-exec-4] DEBUG c.s.p.multitenancy.TenantFilter - Tenant context cleared
2026-01-10 13:25:19 [http-nio-8080-exec-4] INFO  c.s.p.config.RequestLoggingFilter - API Response: GET /api/webhooks/tenant/9 completed in 306ms
2026-01-10 13:25:19 [http-nio-8080-exec-4] DEBUG c.s.p.s.JwtAuthenticationFilter - Tenant context cleared after request
2026-01-10 13:25:20 [HikariPool-1:housekeeper] WARN  com.zaxxer.hikari.pool.HikariPool - HikariPool-1 - Thread starvation or clock leap detected (housekeeper delta=5m9s661ms663µs300ns).
2026-01-10 13:25:51 [http-nio-8080-exec-8] DEBUG o.s.security.web.FilterChainProxy - Securing OPTIONS /api/webhooks/tenant/9?userId=11
2026-01-10 13:25:51 [http-nio-8080-exec-7] DEBUG o.s.security.web.FilterChainProxy - Securing POST /api/webhooks/tenant/9?userId=11
2026-01-10 13:25:51 [http-nio-8080-exec-7] DEBUG c.s.p.s.JwtAuthenticationFilter - Set tenant context: 9
2026-01-10 13:25:51 [http-nio-8080-exec-7] DEBUG c.s.p.s.JwtAuthenticationFilter - JWT authentication successful for user: chouhanankur406@gmail.com with role: ROLE_TENANT_OWNER (tenant: 9)
2026-01-10 13:25:51 [http-nio-8080-exec-7] DEBUG o.s.security.web.FilterChainProxy - Secured POST /api/webhooks/tenant/9?userId=11
2026-01-10 13:25:51 [http-nio-8080-exec-7] INFO  c.s.p.config.RequestLoggingFilter - API Request: POST /api/webhooks/tenant/9 from 0:0:0:0:0:0:0:1
2026-01-10 13:25:51 [http-nio-8080-exec-7] DEBUG c.s.p.multitenancy.TenantFilter - Tenant resolved from header: 9
2026-01-10 13:25:51 [http-nio-8080-exec-7] DEBUG c.s.p.multitenancy.TenantFilter - Tenant context set to: 9
2026-01-10 13:25:51 [http-nio-8080-exec-7] DEBUG o.s.s.a.m.AuthorizationManagerBeforeMethodInterceptor - Authorizing method invocation ReflectiveMethodInvocation: public org.springframework.http.ResponseEntity com.saas.platform.controller.WebhookController.createWebhook(java.lang.Long,java.lang.Long,com.saas.platform.dto.WebhookCreateRequest); target is of class [com.saas.platform.controller.WebhookController]
2026-01-10 13:25:51 [http-nio-8080-exec-7] DEBUG o.s.s.a.m.AuthorizationManagerBeforeMethodInterceptor - Authorized method invocation ReflectiveMethodInvocation: public org.springframework.http.ResponseEntity com.saas.platform.controller.WebhookController.createWebhook(java.lang.Long,java.lang.Long,com.saas.platform.dto.WebhookCreateRequest); target is of class [com.saas.platform.controller.WebhookController]
2026-01-10 13:25:51 [http-nio-8080-exec-7] DEBUG org.hibernate.SQL - 
    /* <criteria> */ select
        u1_0.id,
        u1_0.active,
        u1_0.created_at,
        u1_0.email,
        u1_0.first_name,
        u1_0.last_login,
        u1_0.last_name,
        u1_0.password,
        u1_0.role,
        u1_0.tenant_id 
    from
        users u1_0 
    where
        u1_0.email=?
2026-01-10 13:25:51 [http-nio-8080-exec-7] DEBUG org.hibernate.SQL - 
    select
        t1_0.id,
        t1_0.created_at,
        t1_0.database_name,
        t1_0.name,
        t1_0.status,
        t1_0.subdomain,
        t1_0.updated_at 
    from
        tenants t1_0 
    where
        t1_0.id=?
2026-01-10 13:25:51 [http-nio-8080-exec-7] INFO  c.s.platform.service.WebhookService - Creating webhook 'Testing webhook' for tenant ID: 9
2026-01-10 13:25:51 [http-nio-8080-exec-7] DEBUG org.hibernate.SQL - 
    /* insert for
        com.saas.platform.model.Webhook */insert 
    into
        webhooks (created_at, events, failure_count, is_active, last_triggered_at, name, retry_count, secret_key, success_count, tenant_id, timeout_seconds, updated_at, url) 
    values
        (?, ?, ?, ?, ?, ?, ?, ?, ?, ?, ?, ?, ?)
2026-01-10 13:25:51 [http-nio-8080-exec-7] DEBUG org.hibernate.SQL - 
    /* insert for
        com.saas.platform.model.ActivityLog */insert 
    into
        activity_logs (action, action_type, created_at, details, ip_address, tenant_id, user_agent, user_email, user_id, user_name) 
    values
        (?, ?, ?, ?, ?, ?, ?, ?, ?, ?)
2026-01-10 13:25:51 [http-nio-8080-exec-7] DEBUG c.s.p.service.ActivityLogService - Activity logged: Webhook created: Testing webhook by system
2026-01-10 13:25:51 [http-nio-8080-exec-7] INFO  c.s.platform.service.WebhookService - Webhook created successfully with ID: 8
2026-01-10 13:25:51 [http-nio-8080-exec-7] DEBUG c.s.p.multitenancy.TenantFilter - Tenant context cleared
2026-01-10 13:25:51 [http-nio-8080-exec-7] INFO  c.s.p.config.RequestLoggingFilter - API Response: POST /api/webhooks/tenant/9 completed in 364ms
2026-01-10 13:25:51 [http-nio-8080-exec-7] DEBUG c.s.p.s.JwtAuthenticationFilter - Tenant context cleared after request
2026-01-10 13:25:51 [http-nio-8080-exec-9] DEBUG o.s.security.web.FilterChainProxy - Securing OPTIONS /api/webhooks/tenant/9
2026-01-10 13:25:51 [http-nio-8080-exec-10] DEBUG o.s.security.web.FilterChainProxy - Securing GET /api/webhooks/tenant/9
2026-01-10 13:25:51 [http-nio-8080-exec-10] DEBUG c.s.p.s.JwtAuthenticationFilter - Set tenant context: 9
2026-01-10 13:25:51 [http-nio-8080-exec-10] DEBUG c.s.p.s.JwtAuthenticationFilter - JWT authentication successful for user: chouhanankur406@gmail.com with role: ROLE_TENANT_OWNER (tenant: 9)
2026-01-10 13:25:51 [http-nio-8080-exec-10] DEBUG o.s.security.web.FilterChainProxy - Secured GET /api/webhooks/tenant/9
2026-01-10 13:25:51 [http-nio-8080-exec-10] INFO  c.s.p.config.RequestLoggingFilter - API Request: GET /api/webhooks/tenant/9 from 0:0:0:0:0:0:0:1
2026-01-10 13:25:51 [http-nio-8080-exec-10] DEBUG c.s.p.multitenancy.TenantFilter - Tenant resolved from header: 9
2026-01-10 13:25:51 [http-nio-8080-exec-10] DEBUG c.s.p.multitenancy.TenantFilter - Tenant context set to: 9
2026-01-10 13:25:51 [http-nio-8080-exec-10] DEBUG o.s.s.a.m.AuthorizationManagerBeforeMethodInterceptor - Authorizing method invocation ReflectiveMethodInvocation: public org.springframework.http.ResponseEntity com.saas.platform.controller.WebhookController.getTenantWebhooks(java.lang.Long); target is of class [com.saas.platform.controller.WebhookController]
2026-01-10 13:25:51 [http-nio-8080-exec-10] DEBUG o.s.s.a.m.AuthorizationManagerBeforeMethodInterceptor - Authorized method invocation ReflectiveMethodInvocation: public org.springframework.http.ResponseEntity com.saas.platform.controller.WebhookController.getTenantWebhooks(java.lang.Long); target is of class [com.saas.platform.controller.WebhookController]
2026-01-10 13:25:51 [http-nio-8080-exec-10] DEBUG org.hibernate.SQL - 
    /* <criteria> */ select
        u1_0.id,
        u1_0.active,
        u1_0.created_at,
        u1_0.email,
        u1_0.first_name,
        u1_0.last_login,
        u1_0.last_name,
        u1_0.password,
        u1_0.role,
        u1_0.tenant_id 
    from
        users u1_0 
    where
        u1_0.email=?
2026-01-10 13:25:51 [http-nio-8080-exec-10] DEBUG org.hibernate.SQL - 
    select
        t1_0.id,
        t1_0.created_at,
        t1_0.database_name,
        t1_0.name,
        t1_0.status,
        t1_0.subdomain,
        t1_0.updated_at 
    from
        tenants t1_0 
    where
        t1_0.id=?
2026-01-10 13:25:52 [http-nio-8080-exec-10] DEBUG org.hibernate.SQL - 
    /* <criteria> */ select
        w1_0.id,
        w1_0.created_at,
        w1_0.events,
        w1_0.failure_count,
        w1_0.is_active,
        w1_0.last_triggered_at,
        w1_0.name,
        w1_0.retry_count,
        w1_0.secret_key,
        w1_0.success_count,
        w1_0.tenant_id,
        w1_0.timeout_seconds,
        w1_0.updated_at,
        w1_0.url 
    from
        webhooks w1_0 
    where
        w1_0.tenant_id=?
2026-01-10 13:25:52 [http-nio-8080-exec-10] DEBUG c.s.p.multitenancy.TenantFilter - Tenant context cleared
2026-01-10 13:25:52 [http-nio-8080-exec-10] INFO  c.s.p.config.RequestLoggingFilter - API Response: GET /api/webhooks/tenant/9 completed in 76ms
2026-01-10 13:25:52 [http-nio-8080-exec-10] DEBUG c.s.p.s.JwtAuthenticationFilter - Tenant context cleared after request
2026-01-10 13:25:54 [http-nio-8080-exec-3] DEBUG o.s.security.web.FilterChainProxy - Securing OPTIONS /api/users/check-permission/9
2026-01-10 13:25:54 [http-nio-8080-exec-2] DEBUG o.s.security.web.FilterChainProxy - Securing OPTIONS /api/users/check-permission/9
2026-01-10 13:25:54 [http-nio-8080-exec-4] DEBUG o.s.security.web.FilterChainProxy - Securing GET /api/users/check-permission/9
2026-01-10 13:25:55 [http-nio-8080-exec-4] DEBUG c.s.p.s.JwtAuthenticationFilter - Set tenant context: 9
2026-01-10 13:25:55 [http-nio-8080-exec-4] DEBUG c.s.p.s.JwtAuthenticationFilter - JWT authentication successful for user: chouhanankur406@gmail.com with role: ROLE_TENANT_OWNER (tenant: 9)
2026-01-10 13:25:55 [http-nio-8080-exec-4] DEBUG o.s.security.web.FilterChainProxy - Secured GET /api/users/check-permission/9
2026-01-10 13:25:55 [http-nio-8080-exec-4] INFO  c.s.p.config.RequestLoggingFilter - API Request: GET /api/users/check-permission/9 from 0:0:0:0:0:0:0:1
2026-01-10 13:25:55 [http-nio-8080-exec-4] DEBUG c.s.p.multitenancy.TenantFilter - Tenant resolved from header: 9
2026-01-10 13:25:55 [http-nio-8080-exec-4] DEBUG c.s.p.multitenancy.TenantFilter - Tenant context set to: 9
2026-01-10 13:25:56 [http-nio-8080-exec-4] DEBUG org.hibernate.SQL - 
    /* <criteria> */ select
        u1_0.id,
        u1_0.active,
        u1_0.created_at,
        u1_0.email,
        u1_0.first_name,
        u1_0.last_login,
        u1_0.last_name,
        u1_0.password,
        u1_0.role,
        u1_0.tenant_id 
    from
        users u1_0 
    where
        u1_0.email=?
2026-01-10 13:25:56 [http-nio-8080-exec-4] DEBUG org.hibernate.SQL - 
    select
        t1_0.id,
        t1_0.created_at,
        t1_0.database_name,
        t1_0.name,
        t1_0.status,
        t1_0.subdomain,
        t1_0.updated_at 
    from
        tenants t1_0 
    where
        t1_0.id=?
2026-01-10 13:25:56 [http-nio-8080-exec-4] DEBUG org.hibernate.SQL - 
    /* <criteria> */ select
        u1_0.id,
        u1_0.active,
        u1_0.created_at,
        u1_0.email,
        u1_0.first_name,
        u1_0.last_login,
        u1_0.last_name,
        u1_0.password,
        u1_0.role,
        u1_0.tenant_id 
    from
        users u1_0 
    where
        u1_0.email=?
2026-01-10 13:25:56 [http-nio-8080-exec-4] DEBUG org.hibernate.SQL - 
    /* <criteria> */ select
        u1_0.id,
        u1_0.active,
        u1_0.created_at,
        u1_0.email,
        u1_0.first_name,
        u1_0.last_login,
        u1_0.last_name,
        u1_0.password,
        u1_0.role,
        u1_0.tenant_id 
    from
        users u1_0 
    where
        u1_0.email=?
2026-01-10 13:25:56 [http-nio-8080-exec-4] DEBUG c.s.p.multitenancy.TenantFilter - Tenant context cleared
2026-01-10 13:25:56 [http-nio-8080-exec-6] DEBUG o.s.security.web.FilterChainProxy - Securing GET /api/users/check-permission/9
2026-01-10 13:25:56 [http-nio-8080-exec-4] INFO  c.s.p.config.RequestLoggingFilter - API Response: GET /api/users/check-permission/9 completed in 1207ms
2026-01-10 13:25:56 [http-nio-8080-exec-4] DEBUG c.s.p.s.JwtAuthenticationFilter - Tenant context cleared after request
2026-01-10 13:25:56 [http-nio-8080-exec-4] DEBUG o.s.security.web.FilterChainProxy - Securing OPTIONS /api/users/tenant/9
2026-01-10 13:25:56 [http-nio-8080-exec-5] DEBUG o.s.security.web.FilterChainProxy - Securing GET /api/users/tenant/9
2026-01-10 13:25:56 [http-nio-8080-exec-6] DEBUG c.s.p.s.JwtAuthenticationFilter - Set tenant context: 9
2026-01-10 13:25:56 [http-nio-8080-exec-6] DEBUG c.s.p.s.JwtAuthenticationFilter - JWT authentication successful for user: chouhanankur406@gmail.com with role: ROLE_TENANT_OWNER (tenant: 9)
2026-01-10 13:25:56 [http-nio-8080-exec-6] DEBUG o.s.security.web.FilterChainProxy - Secured GET /api/users/check-permission/9
2026-01-10 13:25:56 [http-nio-8080-exec-6] INFO  c.s.p.config.RequestLoggingFilter - API Request: GET /api/users/check-permission/9 from 0:0:0:0:0:0:0:1
2026-01-10 13:25:56 [http-nio-8080-exec-5] DEBUG c.s.p.s.JwtAuthenticationFilter - Set tenant context: 9
2026-01-10 13:25:56 [http-nio-8080-exec-5] DEBUG c.s.p.s.JwtAuthenticationFilter - JWT authentication successful for user: chouhanankur406@gmail.com with role: ROLE_TENANT_OWNER (tenant: 9)
2026-01-10 13:25:56 [http-nio-8080-exec-6] DEBUG c.s.p.multitenancy.TenantFilter - Tenant resolved from header: 9
2026-01-10 13:25:56 [http-nio-8080-exec-6] DEBUG c.s.p.multitenancy.TenantFilter - Tenant context set to: 9
2026-01-10 13:25:56 [http-nio-8080-exec-5] DEBUG o.s.security.web.FilterChainProxy - Secured GET /api/users/tenant/9
2026-01-10 13:25:56 [http-nio-8080-exec-5] INFO  c.s.p.config.RequestLoggingFilter - API Request: GET /api/users/tenant/9 from 0:0:0:0:0:0:0:1
2026-01-10 13:25:56 [http-nio-8080-exec-5] DEBUG c.s.p.multitenancy.TenantFilter - Tenant resolved from header: 9
2026-01-10 13:25:56 [http-nio-8080-exec-5] DEBUG c.s.p.multitenancy.TenantFilter - Tenant context set to: 9
2026-01-10 13:25:56 [http-nio-8080-exec-6] DEBUG org.hibernate.SQL - 
    /* <criteria> */ select
        u1_0.id,
        u1_0.active,
        u1_0.created_at,
        u1_0.email,
        u1_0.first_name,
        u1_0.last_login,
        u1_0.last_name,
        u1_0.password,
        u1_0.role,
        u1_0.tenant_id 
    from
        users u1_0 
    where
        u1_0.email=?
2026-01-10 13:25:56 [http-nio-8080-exec-5] DEBUG org.hibernate.SQL - 
    /* <criteria> */ select
        u1_0.id,
        u1_0.active,
        u1_0.created_at,
        u1_0.email,
        u1_0.first_name,
        u1_0.last_login,
        u1_0.last_name,
        u1_0.password,
        u1_0.role,
        u1_0.tenant_id 
    from
        users u1_0 
    where
        u1_0.email=?
2026-01-10 13:25:56 [http-nio-8080-exec-6] DEBUG org.hibernate.SQL - 
    select
        t1_0.id,
        t1_0.created_at,
        t1_0.database_name,
        t1_0.name,
        t1_0.status,
        t1_0.subdomain,
        t1_0.updated_at 
    from
        tenants t1_0 
    where
        t1_0.id=?
2026-01-10 13:25:56 [http-nio-8080-exec-5] DEBUG org.hibernate.SQL - 
    select
        t1_0.id,
        t1_0.created_at,
        t1_0.database_name,
        t1_0.name,
        t1_0.status,
        t1_0.subdomain,
        t1_0.updated_at 
    from
        tenants t1_0 
    where
        t1_0.id=?
2026-01-10 13:25:56 [http-nio-8080-exec-5] DEBUG org.hibernate.SQL - 
    /* <criteria> */ select
        u1_0.id,
        u1_0.active,
        u1_0.created_at,
        u1_0.email,
        u1_0.first_name,
        u1_0.last_login,
        u1_0.last_name,
        u1_0.password,
        u1_0.role,
        u1_0.tenant_id 
    from
        users u1_0 
    left join
        tenants t1_0 
            on t1_0.id=u1_0.tenant_id 
    where
        t1_0.id=?
2026-01-10 13:25:56 [http-nio-8080-exec-6] DEBUG org.hibernate.SQL - 
    /* <criteria> */ select
        u1_0.id,
        u1_0.active,
        u1_0.created_at,
        u1_0.email,
        u1_0.first_name,
        u1_0.last_login,
        u1_0.last_name,
        u1_0.password,
        u1_0.role,
        u1_0.tenant_id 
    from
        users u1_0 
    where
        u1_0.email=?
2026-01-10 13:25:56 [http-nio-8080-exec-6] DEBUG org.hibernate.SQL - 
    /* <criteria> */ select
        u1_0.id,
        u1_0.active,
        u1_0.created_at,
        u1_0.email,
        u1_0.first_name,
        u1_0.last_login,
        u1_0.last_name,
        u1_0.password,
        u1_0.role,
        u1_0.tenant_id 
    from
        users u1_0 
    where
        u1_0.email=?
2026-01-10 13:25:56 [http-nio-8080-exec-5] DEBUG c.s.p.multitenancy.TenantFilter - Tenant context cleared
2026-01-10 13:25:56 [http-nio-8080-exec-5] INFO  c.s.p.config.RequestLoggingFilter - API Response: GET /api/users/tenant/9 completed in 164ms
2026-01-10 13:25:56 [http-nio-8080-exec-5] DEBUG c.s.p.s.JwtAuthenticationFilter - Tenant context cleared after request
2026-01-10 13:25:56 [http-nio-8080-exec-6] DEBUG c.s.p.multitenancy.TenantFilter - Tenant context cleared
2026-01-10 13:25:56 [http-nio-8080-exec-6] INFO  c.s.p.config.RequestLoggingFilter - API Response: GET /api/users/check-permission/9 completed in 385ms
2026-01-10 13:25:56 [http-nio-8080-exec-6] DEBUG c.s.p.s.JwtAuthenticationFilter - Tenant context cleared after request
2026-01-10 13:26:02 [http-nio-8080-exec-8] DEBUG o.s.security.web.FilterChainProxy - Securing OPTIONS /api/users/18
2026-01-10 13:26:02 [http-nio-8080-exec-8] DEBUG o.s.security.web.FilterChainProxy - Securing DELETE /api/users/18
2026-01-10 13:26:02 [http-nio-8080-exec-8] DEBUG c.s.p.s.JwtAuthenticationFilter - Set tenant context: 9
2026-01-10 13:26:02 [http-nio-8080-exec-8] DEBUG c.s.p.s.JwtAuthenticationFilter - JWT authentication successful for user: chouhanankur406@gmail.com with role: ROLE_TENANT_OWNER (tenant: 9)
2026-01-10 13:26:02 [http-nio-8080-exec-8] DEBUG o.s.security.web.FilterChainProxy - Secured DELETE /api/users/18
2026-01-10 13:26:02 [http-nio-8080-exec-8] INFO  c.s.p.config.RequestLoggingFilter - API Request: DELETE /api/users/18 from 0:0:0:0:0:0:0:1
2026-01-10 13:26:02 [http-nio-8080-exec-8] DEBUG c.s.p.multitenancy.TenantFilter - Tenant resolved from header: 9
2026-01-10 13:26:02 [http-nio-8080-exec-8] DEBUG c.s.p.multitenancy.TenantFilter - Tenant context set to: 9
2026-01-10 13:26:02 [http-nio-8080-exec-8] DEBUG org.hibernate.SQL - 
    select
        u1_0.id,
        u1_0.active,
        u1_0.created_at,
        u1_0.email,
        u1_0.first_name,
        u1_0.last_login,
        u1_0.last_name,
        u1_0.password,
        u1_0.role,
        u1_0.tenant_id,
        t1_0.id,
        t1_0.created_at,
        t1_0.database_name,
        t1_0.name,
        t1_0.status,
        t1_0.subdomain,
        t1_0.updated_at 
    from
        users u1_0 
    join
        tenants t1_0 
            on t1_0.id=u1_0.tenant_id 
    where
        u1_0.id=?
2026-01-10 13:26:02 [http-nio-8080-exec-8] DEBUG org.hibernate.SQL - 
    /* <criteria> */ select
        u1_0.id,
        u1_0.active,
        u1_0.created_at,
        u1_0.email,
        u1_0.first_name,
        u1_0.last_login,
        u1_0.last_name,
        u1_0.password,
        u1_0.role,
        u1_0.tenant_id 
    from
        users u1_0 
    where
        u1_0.email=?
2026-01-10 13:26:02 [http-nio-8080-exec-8] INFO  c.s.platform.service.WebhookService - Triggering webhooks for tenant 9 with event: user.deleted
2026-01-10 13:26:02 [http-nio-8080-exec-8] DEBUG org.hibernate.SQL - 
    /* <criteria> */ select
        w1_0.id,
        w1_0.created_at,
        w1_0.events,
        w1_0.failure_count,
        w1_0.is_active,
        w1_0.last_triggered_at,
        w1_0.name,
        w1_0.retry_count,
        w1_0.secret_key,
        w1_0.success_count,
        w1_0.tenant_id,
        w1_0.timeout_seconds,
        w1_0.updated_at,
        w1_0.url 
    from
        webhooks w1_0 
    where
        w1_0.tenant_id=? 
        and w1_0.is_active
2026-01-10 13:26:02 [http-nio-8080-exec-8] DEBUG org.hibernate.SQL - 
    /* delete for com.saas.platform.model.User */delete 
    from
        users 
    where
        id=?
2026-01-10 13:26:03 [http-nio-8080-exec-8] DEBUG c.s.p.multitenancy.TenantFilter - Tenant context cleared
2026-01-10 13:26:03 [http-nio-8080-exec-8] INFO  c.s.p.config.RequestLoggingFilter - API Response: DELETE /api/users/18 completed in 486ms
2026-01-10 13:26:03 [http-nio-8080-exec-8] DEBUG c.s.p.s.JwtAuthenticationFilter - Tenant context cleared after request
2026-01-10 13:26:03 [http-nio-8080-exec-7] DEBUG o.s.security.web.FilterChainProxy - Securing OPTIONS /api/users/tenant/9
2026-01-10 13:26:03 [http-nio-8080-exec-7] DEBUG o.s.security.web.FilterChainProxy - Securing GET /api/users/tenant/9
2026-01-10 13:26:03 [http-nio-8080-exec-7] DEBUG c.s.p.s.JwtAuthenticationFilter - Set tenant context: 9
2026-01-10 13:26:03 [http-nio-8080-exec-7] DEBUG c.s.p.s.JwtAuthenticationFilter - JWT authentication successful for user: chouhanankur406@gmail.com with role: ROLE_TENANT_OWNER (tenant: 9)
2026-01-10 13:26:03 [http-nio-8080-exec-7] DEBUG o.s.security.web.FilterChainProxy - Secured GET /api/users/tenant/9
2026-01-10 13:26:03 [http-nio-8080-exec-7] INFO  c.s.p.config.RequestLoggingFilter - API Request: GET /api/users/tenant/9 from 0:0:0:0:0:0:0:1
2026-01-10 13:26:03 [http-nio-8080-exec-7] DEBUG c.s.p.multitenancy.TenantFilter - Tenant resolved from header: 9
2026-01-10 13:26:03 [http-nio-8080-exec-7] DEBUG c.s.p.multitenancy.TenantFilter - Tenant context set to: 9
2026-01-10 13:26:03 [http-nio-8080-exec-7] DEBUG org.hibernate.SQL - 
    /* <criteria> */ select
        u1_0.id,
        u1_0.active,
        u1_0.created_at,
        u1_0.email,
        u1_0.first_name,
        u1_0.last_login,
        u1_0.last_name,
        u1_0.password,
        u1_0.role,
        u1_0.tenant_id 
    from
        users u1_0 
    where
        u1_0.email=?
2026-01-10 13:26:03 [http-nio-8080-exec-7] DEBUG org.hibernate.SQL - 
    select
        t1_0.id,
        t1_0.created_at,
        t1_0.database_name,
        t1_0.name,
        t1_0.status,
        t1_0.subdomain,
        t1_0.updated_at 
    from
        tenants t1_0 
    where
        t1_0.id=?
2026-01-10 13:26:03 [http-nio-8080-exec-7] DEBUG org.hibernate.SQL - 
    /* <criteria> */ select
        u1_0.id,
        u1_0.active,
        u1_0.created_at,
        u1_0.email,
        u1_0.first_name,
        u1_0.last_login,
        u1_0.last_name,
        u1_0.password,
        u1_0.role,
        u1_0.tenant_id 
    from
        users u1_0 
    left join
        tenants t1_0 
            on t1_0.id=u1_0.tenant_id 
    where
        t1_0.id=?
2026-01-10 13:26:03 [http-nio-8080-exec-7] DEBUG c.s.p.multitenancy.TenantFilter - Tenant context cleared
2026-01-10 13:26:03 [http-nio-8080-exec-7] INFO  c.s.p.config.RequestLoggingFilter - API Response: GET /api/users/tenant/9 completed in 155ms
2026-01-10 13:26:03 [http-nio-8080-exec-7] DEBUG c.s.p.s.JwtAuthenticationFilter - Tenant context cleared after request
2026-01-10 13:26:38 [http-nio-8080-exec-1] DEBUG o.s.security.web.FilterChainProxy - Securing OPTIONS /api/users?tenantId=9
2026-01-10 13:26:38 [http-nio-8080-exec-1] DEBUG o.s.security.web.FilterChainProxy - Securing POST /api/users?tenantId=9
2026-01-10 13:26:39 [http-nio-8080-exec-1] DEBUG c.s.p.s.JwtAuthenticationFilter - Set tenant context: 9
2026-01-10 13:26:39 [http-nio-8080-exec-1] DEBUG c.s.p.s.JwtAuthenticationFilter - JWT authentication successful for user: chouhanankur406@gmail.com with role: ROLE_TENANT_OWNER (tenant: 9)
2026-01-10 13:26:39 [http-nio-8080-exec-1] DEBUG o.s.security.web.FilterChainProxy - Secured POST /api/users?tenantId=9
2026-01-10 13:26:39 [http-nio-8080-exec-1] INFO  c.s.p.config.RequestLoggingFilter - API Request: POST /api/users from 0:0:0:0:0:0:0:1
2026-01-10 13:26:39 [http-nio-8080-exec-1] DEBUG c.s.p.multitenancy.TenantFilter - Tenant resolved from header: 9
2026-01-10 13:26:39 [http-nio-8080-exec-1] DEBUG c.s.p.multitenancy.TenantFilter - Tenant context set to: 9
2026-01-10 13:26:39 [http-nio-8080-exec-1] DEBUG org.hibernate.SQL - 
    /* <criteria> */ select
        u1_0.id,
        u1_0.active,
        u1_0.created_at,
        u1_0.email,
        u1_0.first_name,
        u1_0.last_login,
        u1_0.last_name,
        u1_0.password,
        u1_0.role,
        u1_0.tenant_id 
    from
        users u1_0 
    where
        u1_0.email=?
2026-01-10 13:26:39 [http-nio-8080-exec-1] DEBUG org.hibernate.SQL - 
    select
        t1_0.id,
        t1_0.created_at,
        t1_0.database_name,
        t1_0.name,
        t1_0.status,
        t1_0.subdomain,
        t1_0.updated_at 
    from
        tenants t1_0 
    where
        t1_0.id=?
2026-01-10 13:26:40 [http-nio-8080-exec-1] DEBUG org.hibernate.SQL - 
    /* <criteria> */ select
        u1_0.id,
        u1_0.active,
        u1_0.created_at,
        u1_0.email,
        u1_0.first_name,
        u1_0.last_login,
        u1_0.last_name,
        u1_0.password,
        u1_0.role,
        u1_0.tenant_id 
    from
        users u1_0 
    where
        u1_0.email=?
2026-01-10 13:26:40 [http-nio-8080-exec-1] INFO  c.saas.platform.service.UserService - ═══════════════════════════════════════
2026-01-10 13:26:40 [http-nio-8080-exec-1] INFO  c.saas.platform.service.UserService - 🔹 USER CREATION STARTED
2026-01-10 13:26:40 [http-nio-8080-exec-1] INFO  c.saas.platform.service.UserService -   Email: user@gmail.com
2026-01-10 13:26:40 [http-nio-8080-exec-1] INFO  c.saas.platform.service.UserService -   Tenant ID: 9
2026-01-10 13:26:40 [http-nio-8080-exec-1] INFO  c.saas.platform.service.UserService - ═══════════════════════════════════════
2026-01-10 13:26:40 [http-nio-8080-exec-1] INFO  c.saas.platform.service.UserService - Step 1: Checking if email exists...
2026-01-10 13:26:40 [http-nio-8080-exec-1] DEBUG org.hibernate.SQL - 
    /* <criteria> */ select
        u1_0.id 
    from
        users u1_0 
    where
        u1_0.email=? 
    limit
        ?
2026-01-10 13:26:40 [http-nio-8080-exec-1] INFO  c.saas.platform.service.UserService - ✅ Email is unique
2026-01-10 13:26:40 [http-nio-8080-exec-1] INFO  c.saas.platform.service.UserService - Step 2: Loading tenant...
2026-01-10 13:26:40 [http-nio-8080-exec-1] INFO  c.saas.platform.service.UserService - ✅ Tenant loaded: Test
2026-01-10 13:26:40 [http-nio-8080-exec-1] INFO  c.saas.platform.service.UserService - Step 3: Encoding password...
2026-01-10 13:26:44 [http-nio-8080-exec-1] INFO  c.saas.platform.service.UserService - ✅ Password encoded
2026-01-10 13:26:44 [http-nio-8080-exec-1] INFO  c.saas.platform.service.UserService - Step 4: Saving user to database...
2026-01-10 13:26:45 [http-nio-8080-exec-1] DEBUG org.hibernate.SQL - 
    /* insert for
        com.saas.platform.model.User */insert 
    into
        users (active, created_at, email, first_name, last_login, last_name, password, role, tenant_id) 
    values
        (?, ?, ?, ?, ?, ?, ?, ?, ?)
2026-01-10 13:26:45 [http-nio-8080-exec-1] INFO  c.saas.platform.service.UserService - ✅ User saved with ID: 20
2026-01-10 13:26:45 [http-nio-8080-exec-1] INFO  c.saas.platform.service.UserService - Step 5.5: Triggering webhook...
2026-01-10 13:26:45 [http-nio-8080-exec-1] INFO  c.s.platform.service.WebhookService - Triggering webhooks for tenant 9 with event: user.created
2026-01-10 13:26:45 [http-nio-8080-exec-1] DEBUG org.hibernate.SQL - 
    /* <criteria> */ select
        w1_0.id,
        w1_0.created_at,
        w1_0.events,
        w1_0.failure_count,
        w1_0.is_active,
        w1_0.last_triggered_at,
        w1_0.name,
        w1_0.retry_count,
        w1_0.secret_key,
        w1_0.success_count,
        w1_0.tenant_id,
        w1_0.timeout_seconds,
        w1_0.updated_at,
        w1_0.url 
    from
        webhooks w1_0 
    where
        w1_0.tenant_id=? 
        and w1_0.is_active
2026-01-10 13:26:45 [http-nio-8080-exec-1] INFO  c.saas.platform.service.UserService - ✅ Webhook triggered
2026-01-10 13:26:45 [http-nio-8080-exec-1] INFO  c.saas.platform.service.UserService - Step 5: Logging activity...
2026-01-10 13:26:45 [Thread-7] INFO  c.s.platform.service.WebhookService - Sending webhook to URL: https://webhook.site/3ae696c2-652c-4a7d-aa13-ba30b2e82720
2026-01-10 13:26:45 [http-nio-8080-exec-1] DEBUG org.hibernate.SQL - 
    /* insert for
        com.saas.platform.model.ActivityLog */insert 
    into
        activity_logs (action, action_type, created_at, details, ip_address, tenant_id, user_agent, user_email, user_id, user_name) 
    values
        (?, ?, ?, ?, ?, ?, ?, ?, ?, ?)
2026-01-10 13:26:45 [http-nio-8080-exec-1] DEBUG c.s.p.service.ActivityLogService - Activity logged: User created: user@gmail.com by user@gmail.com
2026-01-10 13:26:45 [http-nio-8080-exec-1] INFO  c.saas.platform.service.UserService - ✅ Activity logged
2026-01-10 13:26:45 [http-nio-8080-exec-1] INFO  c.saas.platform.service.UserService - ═══════════════════════════════════════
2026-01-10 13:26:45 [http-nio-8080-exec-1] INFO  c.saas.platform.service.UserService - 🔹 USER CREATION COMPLETED
2026-01-10 13:26:45 [http-nio-8080-exec-1] INFO  c.saas.platform.service.UserService -   User ID: 20
2026-01-10 13:26:45 [http-nio-8080-exec-1] INFO  c.saas.platform.service.UserService -   Email: user@gmail.com
2026-01-10 13:26:45 [http-nio-8080-exec-1] INFO  c.saas.platform.service.UserService - ═══════════════════════════════════════
2026-01-10 13:26:45 [http-nio-8080-exec-1] DEBUG c.s.p.multitenancy.TenantFilter - Tenant context cleared
2026-01-10 13:26:45 [http-nio-8080-exec-1] INFO  c.s.p.config.RequestLoggingFilter - API Response: POST /api/users completed in 6470ms
2026-01-10 13:26:45 [http-nio-8080-exec-1] DEBUG c.s.p.s.JwtAuthenticationFilter - Tenant context cleared after request
2026-01-10 13:26:45 [http-nio-8080-exec-2] DEBUG o.s.security.web.FilterChainProxy - Securing OPTIONS /api/users/tenant/9
2026-01-10 13:26:45 [http-nio-8080-exec-3] DEBUG o.s.security.web.FilterChainProxy - Securing GET /api/users/tenant/9
2026-01-10 13:26:45 [http-nio-8080-exec-3] DEBUG c.s.p.s.JwtAuthenticationFilter - Set tenant context: 9
2026-01-10 13:26:45 [http-nio-8080-exec-3] DEBUG c.s.p.s.JwtAuthenticationFilter - JWT authentication successful for user: chouhanankur406@gmail.com with role: ROLE_TENANT_OWNER (tenant: 9)
2026-01-10 13:26:45 [http-nio-8080-exec-3] DEBUG o.s.security.web.FilterChainProxy - Secured GET /api/users/tenant/9
2026-01-10 13:26:45 [http-nio-8080-exec-3] INFO  c.s.p.config.RequestLoggingFilter - API Request: GET /api/users/tenant/9 from 0:0:0:0:0:0:0:1
2026-01-10 13:26:45 [http-nio-8080-exec-3] DEBUG c.s.p.multitenancy.TenantFilter - Tenant resolved from header: 9
2026-01-10 13:26:45 [http-nio-8080-exec-3] DEBUG c.s.p.multitenancy.TenantFilter - Tenant context set to: 9
2026-01-10 13:26:45 [http-nio-8080-exec-3] DEBUG org.hibernate.SQL - 
    /* <criteria> */ select
        u1_0.id,
        u1_0.active,
        u1_0.created_at,
        u1_0.email,
        u1_0.first_name,
        u1_0.last_login,
        u1_0.last_name,
        u1_0.password,
        u1_0.role,
        u1_0.tenant_id 
    from
        users u1_0 
    where
        u1_0.email=?
2026-01-10 13:26:46 [http-nio-8080-exec-3] DEBUG org.hibernate.SQL - 
    select
        t1_0.id,
        t1_0.created_at,
        t1_0.database_name,
        t1_0.name,
        t1_0.status,
        t1_0.subdomain,
        t1_0.updated_at 
    from
        tenants t1_0 
    where
        t1_0.id=?
2026-01-10 13:26:46 [http-nio-8080-exec-3] DEBUG org.hibernate.SQL - 
    /* <criteria> */ select
        u1_0.id,
        u1_0.active,
        u1_0.created_at,
        u1_0.email,
        u1_0.first_name,
        u1_0.last_login,
        u1_0.last_name,
        u1_0.password,
        u1_0.role,
        u1_0.tenant_id 
    from
        users u1_0 
    left join
        tenants t1_0 
            on t1_0.id=u1_0.tenant_id 
    where
        t1_0.id=?
2026-01-10 13:26:46 [http-nio-8080-exec-3] DEBUG c.s.p.multitenancy.TenantFilter - Tenant context cleared
2026-01-10 13:26:46 [http-nio-8080-exec-3] INFO  c.s.p.config.RequestLoggingFilter - API Response: GET /api/users/tenant/9 completed in 456ms
2026-01-10 13:26:46 [http-nio-8080-exec-3] DEBUG c.s.p.s.JwtAuthenticationFilter - Tenant context cleared after request
2026-01-10 13:26:53 [Thread-7] DEBUG org.hibernate.SQL - 
    select
        w1_0.id,
        w1_0.created_at,
        w1_0.events,
        w1_0.failure_count,
        w1_0.is_active,
        w1_0.last_triggered_at,
        w1_0.name,
        w1_0.retry_count,
        w1_0.secret_key,
        w1_0.success_count,
        w1_0.tenant_id,
        w1_0.timeout_seconds,
        w1_0.updated_at,
        w1_0.url 
    from
        webhooks w1_0 
    where
        w1_0.id=?
2026-01-10 13:26:53 [Thread-7] DEBUG org.hibernate.SQL - 
    /* update
        for com.saas.platform.model.Webhook */update webhooks 
    set
        created_at=?,
        events=?,
        failure_count=?,
        is_active=?,
        last_triggered_at=?,
        name=?,
        retry_count=?,
        secret_key=?,
        success_count=?,
        tenant_id=?,
        timeout_seconds=?,
        updated_at=?,
        url=? 
    where
        id=?
2026-01-10 13:26:54 [Thread-7] INFO  c.s.platform.service.WebhookService - Webhook sent successfully to: https://webhook.site/3ae696c2-652c-4a7d-aa13-ba30b2e82720
2026-01-10 13:27:05 [http-nio-8080-exec-6] DEBUG o.s.security.web.FilterChainProxy - Securing OPTIONS /api/users/tenant/9
2026-01-10 13:27:05 [http-nio-8080-exec-5] DEBUG o.s.security.web.FilterChainProxy - Securing OPTIONS /api/analytics/dashboard/9
2026-01-10 13:27:05 [http-nio-8080-exec-7] DEBUG o.s.security.web.FilterChainProxy - Securing OPTIONS /api/subscriptions/tenant/9
2026-01-10 13:27:05 [http-nio-8080-exec-8] DEBUG o.s.security.web.FilterChainProxy - Securing OPTIONS /api/activities/tenant/9
2026-01-10 13:27:05 [http-nio-8080-exec-10] DEBUG o.s.security.web.FilterChainProxy - Securing OPTIONS /api/users/tenant/9
2026-01-10 13:27:05 [http-nio-8080-exec-9] DEBUG o.s.security.web.FilterChainProxy - Securing OPTIONS /api/analytics/dashboard/9
2026-01-10 13:27:05 [http-nio-8080-exec-1] DEBUG o.s.security.web.FilterChainProxy - Securing OPTIONS /api/subscriptions/tenant/9
2026-01-10 13:27:05 [http-nio-8080-exec-6] DEBUG o.s.security.web.FilterChainProxy - Securing OPTIONS /api/activities/tenant/9
2026-01-10 13:27:05 [http-nio-8080-exec-3] DEBUG o.s.security.web.FilterChainProxy - Securing GET /api/activities/tenant/9
2026-01-10 13:27:05 [http-nio-8080-exec-2] DEBUG o.s.security.web.FilterChainProxy - Securing GET /api/users/tenant/9
2026-01-10 13:27:05 [http-nio-8080-exec-1] DEBUG o.s.security.web.FilterChainProxy - Securing GET /api/analytics/dashboard/9
2026-01-10 13:27:05 [http-nio-8080-exec-10] DEBUG o.s.security.web.FilterChainProxy - Securing GET /api/subscriptions/tenant/9
2026-01-10 13:27:05 [http-nio-8080-exec-1] DEBUG c.s.p.s.JwtAuthenticationFilter - Set tenant context: 9
2026-01-10 13:27:05 [http-nio-8080-exec-1] DEBUG c.s.p.s.JwtAuthenticationFilter - JWT authentication successful for user: chouhanankur406@gmail.com with role: ROLE_TENANT_OWNER (tenant: 9)
2026-01-10 13:27:05 [http-nio-8080-exec-1] DEBUG o.s.security.web.FilterChainProxy - Secured GET /api/analytics/dashboard/9
2026-01-10 13:27:05 [http-nio-8080-exec-1] INFO  c.s.p.config.RequestLoggingFilter - API Request: GET /api/analytics/dashboard/9 from 0:0:0:0:0:0:0:1
2026-01-10 13:27:05 [http-nio-8080-exec-1] DEBUG c.s.p.multitenancy.TenantFilter - Tenant resolved from header: 9
2026-01-10 13:27:05 [http-nio-8080-exec-1] DEBUG c.s.p.multitenancy.TenantFilter - Tenant context set to: 9
2026-01-10 13:27:05 [http-nio-8080-exec-2] DEBUG c.s.p.s.JwtAuthenticationFilter - Set tenant context: 9
2026-01-10 13:27:05 [http-nio-8080-exec-2] DEBUG c.s.p.s.JwtAuthenticationFilter - JWT authentication successful for user: chouhanankur406@gmail.com with role: ROLE_TENANT_OWNER (tenant: 9)
2026-01-10 13:27:05 [http-nio-8080-exec-2] DEBUG o.s.security.web.FilterChainProxy - Secured GET /api/users/tenant/9
2026-01-10 13:27:05 [http-nio-8080-exec-2] INFO  c.s.p.config.RequestLoggingFilter - API Request: GET /api/users/tenant/9 from 0:0:0:0:0:0:0:1
2026-01-10 13:27:05 [http-nio-8080-exec-2] DEBUG c.s.p.multitenancy.TenantFilter - Tenant resolved from header: 9
2026-01-10 13:27:05 [http-nio-8080-exec-2] DEBUG c.s.p.multitenancy.TenantFilter - Tenant context set to: 9
2026-01-10 13:27:05 [http-nio-8080-exec-3] DEBUG c.s.p.s.JwtAuthenticationFilter - Set tenant context: 9
2026-01-10 13:27:05 [http-nio-8080-exec-3] DEBUG c.s.p.s.JwtAuthenticationFilter - JWT authentication successful for user: chouhanankur406@gmail.com with role: ROLE_TENANT_OWNER (tenant: 9)
2026-01-10 13:27:05 [http-nio-8080-exec-3] DEBUG o.s.security.web.FilterChainProxy - Secured GET /api/activities/tenant/9
2026-01-10 13:27:05 [http-nio-8080-exec-3] INFO  c.s.p.config.RequestLoggingFilter - API Request: GET /api/activities/tenant/9 from 0:0:0:0:0:0:0:1
2026-01-10 13:27:05 [http-nio-8080-exec-3] DEBUG c.s.p.multitenancy.TenantFilter - Tenant resolved from header: 9
2026-01-10 13:27:05 [http-nio-8080-exec-3] DEBUG c.s.p.multitenancy.TenantFilter - Tenant context set to: 9
2026-01-10 13:27:05 [http-nio-8080-exec-10] DEBUG c.s.p.s.JwtAuthenticationFilter - Set tenant context: 9
2026-01-10 13:27:05 [http-nio-8080-exec-10] DEBUG c.s.p.s.JwtAuthenticationFilter - JWT authentication successful for user: chouhanankur406@gmail.com with role: ROLE_TENANT_OWNER (tenant: 9)
2026-01-10 13:27:05 [http-nio-8080-exec-10] DEBUG o.s.security.web.FilterChainProxy - Secured GET /api/subscriptions/tenant/9
2026-01-10 13:27:05 [http-nio-8080-exec-10] INFO  c.s.p.config.RequestLoggingFilter - API Request: GET /api/subscriptions/tenant/9 from 0:0:0:0:0:0:0:1
2026-01-10 13:27:05 [http-nio-8080-exec-10] DEBUG c.s.p.multitenancy.TenantFilter - Tenant resolved from header: 9
2026-01-10 13:27:05 [http-nio-8080-exec-10] DEBUG c.s.p.multitenancy.TenantFilter - Tenant context set to: 9
2026-01-10 13:27:05 [http-nio-8080-exec-1] DEBUG org.hibernate.SQL - 
    /* <criteria> */ select
        u1_0.id,
        u1_0.active,
        u1_0.created_at,
        u1_0.email,
        u1_0.first_name,
        u1_0.last_login,
        u1_0.last_name,
        u1_0.password,
        u1_0.role,
        u1_0.tenant_id 
    from
        users u1_0 
    where
        u1_0.email=?
2026-01-10 13:27:05 [http-nio-8080-exec-2] DEBUG org.hibernate.SQL - 
    /* <criteria> */ select
        u1_0.id,
        u1_0.active,
        u1_0.created_at,
        u1_0.email,
        u1_0.first_name,
        u1_0.last_login,
        u1_0.last_name,
        u1_0.password,
        u1_0.role,
        u1_0.tenant_id 
    from
        users u1_0 
    where
        u1_0.email=?
2026-01-10 13:27:05 [http-nio-8080-exec-3] DEBUG org.hibernate.SQL - 
    /* <criteria> */ select
        u1_0.id,
        u1_0.active,
        u1_0.created_at,
        u1_0.email,
        u1_0.first_name,
        u1_0.last_login,
        u1_0.last_name,
        u1_0.password,
        u1_0.role,
        u1_0.tenant_id 
    from
        users u1_0 
    where
        u1_0.email=?
2026-01-10 13:27:05 [http-nio-8080-exec-2] DEBUG org.hibernate.SQL - 
    select
        t1_0.id,
        t1_0.created_at,
        t1_0.database_name,
        t1_0.name,
        t1_0.status,
        t1_0.subdomain,
        t1_0.updated_at 
    from
        tenants t1_0 
    where
        t1_0.id=?
2026-01-10 13:27:05 [http-nio-8080-exec-1] DEBUG org.hibernate.SQL - 
    select
        t1_0.id,
        t1_0.created_at,
        t1_0.database_name,
        t1_0.name,
        t1_0.status,
        t1_0.subdomain,
        t1_0.updated_at 
    from
        tenants t1_0 
    where
        t1_0.id=?
2026-01-10 13:27:05 [http-nio-8080-exec-10] DEBUG org.hibernate.SQL - 
    /* <criteria> */ select
        u1_0.id,
        u1_0.active,
        u1_0.created_at,
        u1_0.email,
        u1_0.first_name,
        u1_0.last_login,
        u1_0.last_name,
        u1_0.password,
        u1_0.role,
        u1_0.tenant_id 
    from
        users u1_0 
    where
        u1_0.email=?
2026-01-10 13:27:05 [http-nio-8080-exec-3] DEBUG org.hibernate.SQL - 
    select
        t1_0.id,
        t1_0.created_at,
        t1_0.database_name,
        t1_0.name,
        t1_0.status,
        t1_0.subdomain,
        t1_0.updated_at 
    from
        tenants t1_0 
    where
        t1_0.id=?
2026-01-10 13:27:05 [http-nio-8080-exec-1] INFO  c.s.p.service.AnalyticsService - Generating dashboard metrics for tenant ID: 9
2026-01-10 13:27:05 [http-nio-8080-exec-2] DEBUG org.hibernate.SQL - 
    /* <criteria> */ select
        u1_0.id,
        u1_0.active,
        u1_0.created_at,
        u1_0.email,
        u1_0.first_name,
        u1_0.last_login,
        u1_0.last_name,
        u1_0.password,
        u1_0.role,
        u1_0.tenant_id 
    from
        users u1_0 
    left join
        tenants t1_0 
            on t1_0.id=u1_0.tenant_id 
    where
        t1_0.id=?
2026-01-10 13:27:05 [http-nio-8080-exec-10] DEBUG org.hibernate.SQL - 
    select
        t1_0.id,
        t1_0.created_at,
        t1_0.database_name,
        t1_0.name,
        t1_0.status,
        t1_0.subdomain,
        t1_0.updated_at 
    from
        tenants t1_0 
    where
        t1_0.id=?
2026-01-10 13:27:05 [http-nio-8080-exec-2] DEBUG c.s.p.multitenancy.TenantFilter - Tenant context cleared
2026-01-10 13:27:05 [http-nio-8080-exec-2] INFO  c.s.p.config.RequestLoggingFilter - API Response: GET /api/users/tenant/9 completed in 83ms
2026-01-10 13:27:05 [http-nio-8080-exec-2] DEBUG c.s.p.s.JwtAuthenticationFilter - Tenant context cleared after request
2026-01-10 13:27:05 [http-nio-8080-exec-4] DEBUG o.s.security.web.FilterChainProxy - Securing GET /api/users/tenant/9
2026-01-10 13:27:05 [http-nio-8080-exec-3] DEBUG org.hibernate.SQL - 
    /* <criteria> */ select
        al1_0.id,
        al1_0.action,
        al1_0.action_type,
        al1_0.created_at,
        al1_0.details,
        al1_0.ip_address,
        al1_0.tenant_id,
        al1_0.user_agent,
        al1_0.user_email,
        al1_0.user_id,
        al1_0.user_name 
    from
        activity_logs al1_0 
    where
        al1_0.tenant_id=? 
    order by
        al1_0.created_at desc
2026-01-10 13:27:05 [http-nio-8080-exec-4] DEBUG c.s.p.s.JwtAuthenticationFilter - Set tenant context: 9
2026-01-10 13:27:05 [http-nio-8080-exec-10] DEBUG org.hibernate.SQL - 
    /* <criteria> */ select
        s1_0.id,
        s1_0.auto_renew,
        s1_0.created_at,
        s1_0.current_api_calls,
        s1_0.current_users,
        s1_0.end_date,
        s1_0.is_active,
        s1_0.plan_id,
        s1_0.renewal_date,
        s1_0.start_date,
        s1_0.tenant_id,
        s1_0.updated_at 
    from
        subscriptions s1_0 
    left join
        tenants t1_0 
            on t1_0.id=s1_0.tenant_id 
    where
        t1_0.id=?
2026-01-10 13:27:05 [http-nio-8080-exec-4] DEBUG c.s.p.s.JwtAuthenticationFilter - JWT authentication successful for user: chouhanankur406@gmail.com with role: ROLE_TENANT_OWNER (tenant: 9)
2026-01-10 13:27:05 [http-nio-8080-exec-4] DEBUG o.s.security.web.FilterChainProxy - Secured GET /api/users/tenant/9
2026-01-10 13:27:05 [http-nio-8080-exec-4] INFO  c.s.p.config.RequestLoggingFilter - API Request: GET /api/users/tenant/9 from 0:0:0:0:0:0:0:1
2026-01-10 13:27:05 [http-nio-8080-exec-4] DEBUG c.s.p.multitenancy.TenantFilter - Tenant resolved from header: 9
2026-01-10 13:27:05 [http-nio-8080-exec-4] DEBUG c.s.p.multitenancy.TenantFilter - Tenant context set to: 9
2026-01-10 13:27:05 [http-nio-8080-exec-1] DEBUG org.hibernate.SQL - 
    /* <criteria> */ select
        count(u1_0.id) 
    from
        users u1_0 
    left join
        tenants t1_0 
            on t1_0.id=u1_0.tenant_id 
    where
        t1_0.id=?
2026-01-10 13:27:05 [http-nio-8080-exec-4] DEBUG org.hibernate.SQL - 
    /* <criteria> */ select
        u1_0.id,
        u1_0.active,
        u1_0.created_at,
        u1_0.email,
        u1_0.first_name,
        u1_0.last_login,
        u1_0.last_name,
        u1_0.password,
        u1_0.role,
        u1_0.tenant_id 
    from
        users u1_0 
    where
        u1_0.email=?
2026-01-10 13:27:05 [http-nio-8080-exec-4] DEBUG org.hibernate.SQL - 
    select
        t1_0.id,
        t1_0.created_at,
        t1_0.database_name,
        t1_0.name,
        t1_0.status,
        t1_0.subdomain,
        t1_0.updated_at 
    from
        tenants t1_0 
    where
        t1_0.id=?
2026-01-10 13:27:05 [http-nio-8080-exec-1] DEBUG org.hibernate.SQL - 
    /* <criteria> */ select
        al1_0.id,
        al1_0.action,
        al1_0.action_type,
        al1_0.created_at,
        al1_0.details,
        al1_0.ip_address,
        al1_0.tenant_id,
        al1_0.user_agent,
        al1_0.user_email,
        al1_0.user_id,
        al1_0.user_name 
    from
        activity_logs al1_0 
    where
        al1_0.tenant_id=? 
    order by
        al1_0.created_at desc
2026-01-10 13:27:05 [http-nio-8080-exec-10] DEBUG org.hibernate.SQL - 
    select
        p1_0.id,
        p1_0.created_at,
        p1_0.description,
        p1_0.features,
        p1_0.is_active,
        p1_0.is_custom,
        p1_0.max_api_calls,
        p1_0.max_storage_gb,
        p1_0.max_users,
        p1_0.monthly_price,
        p1_0.name,
        p1_0.updated_at 
    from
        plans p1_0 
    where
        p1_0.id=?
2026-01-10 13:27:05 [http-nio-8080-exec-4] DEBUG org.hibernate.SQL - 
    /* <criteria> */ select
        u1_0.id,
        u1_0.active,
        u1_0.created_at,
        u1_0.email,
        u1_0.first_name,
        u1_0.last_login,
        u1_0.last_name,
        u1_0.password,
        u1_0.role,
        u1_0.tenant_id 
    from
        users u1_0 
    left join
        tenants t1_0 
            on t1_0.id=u1_0.tenant_id 
    where
        t1_0.id=?
2026-01-10 13:27:05 [http-nio-8080-exec-10] DEBUG c.s.p.multitenancy.TenantFilter - Tenant context cleared
2026-01-10 13:27:05 [http-nio-8080-exec-10] INFO  c.s.p.config.RequestLoggingFilter - API Response: GET /api/subscriptions/tenant/9 completed in 171ms
2026-01-10 13:27:05 [http-nio-8080-exec-10] DEBUG c.s.p.s.JwtAuthenticationFilter - Tenant context cleared after request
2026-01-10 13:27:05 [http-nio-8080-exec-8] DEBUG o.s.security.web.FilterChainProxy - Securing GET /api/subscriptions/tenant/9
2026-01-10 13:27:06 [http-nio-8080-exec-4] DEBUG c.s.p.multitenancy.TenantFilter - Tenant context cleared
2026-01-10 13:27:06 [http-nio-8080-exec-4] INFO  c.s.p.config.RequestLoggingFilter - API Response: GET /api/users/tenant/9 completed in 95ms
2026-01-10 13:27:06 [http-nio-8080-exec-4] DEBUG c.s.p.s.JwtAuthenticationFilter - Tenant context cleared after request
2026-01-10 13:27:06 [http-nio-8080-exec-1] DEBUG org.hibernate.SQL - 
    /* <criteria> */ select
        s1_0.id,
        s1_0.auto_renew,
        s1_0.created_at,
        s1_0.current_api_calls,
        s1_0.current_users,
        s1_0.end_date,
        s1_0.is_active,
        s1_0.plan_id,
        s1_0.renewal_date,
        s1_0.start_date,
        s1_0.tenant_id,
        s1_0.updated_at 
    from
        subscriptions s1_0 
    left join
        tenants t1_0 
            on t1_0.id=s1_0.tenant_id 
    where
        t1_0.id=?
2026-01-10 13:27:06 [http-nio-8080-exec-8] DEBUG c.s.p.s.JwtAuthenticationFilter - Set tenant context: 9
2026-01-10 13:27:06 [http-nio-8080-exec-8] DEBUG c.s.p.s.JwtAuthenticationFilter - JWT authentication successful for user: chouhanankur406@gmail.com with role: ROLE_TENANT_OWNER (tenant: 9)
2026-01-10 13:27:06 [http-nio-8080-exec-3] DEBUG c.s.p.multitenancy.TenantFilter - Tenant context cleared
2026-01-10 13:27:06 [http-nio-8080-exec-3] INFO  c.s.p.config.RequestLoggingFilter - API Response: GET /api/activities/tenant/9 completed in 236ms
2026-01-10 13:27:06 [http-nio-8080-exec-3] DEBUG c.s.p.s.JwtAuthenticationFilter - Tenant context cleared after request
2026-01-10 13:27:06 [http-nio-8080-exec-8] DEBUG o.s.security.web.FilterChainProxy - Secured GET /api/subscriptions/tenant/9
2026-01-10 13:27:06 [http-nio-8080-exec-8] INFO  c.s.p.config.RequestLoggingFilter - API Request: GET /api/subscriptions/tenant/9 from 0:0:0:0:0:0:0:1
2026-01-10 13:27:06 [http-nio-8080-exec-7] DEBUG o.s.security.web.FilterChainProxy - Securing GET /api/activities/tenant/9
2026-01-10 13:27:06 [http-nio-8080-exec-8] DEBUG c.s.p.multitenancy.TenantFilter - Tenant resolved from header: 9
2026-01-10 13:27:06 [http-nio-8080-exec-8] DEBUG c.s.p.multitenancy.TenantFilter - Tenant context set to: 9
2026-01-10 13:27:06 [http-nio-8080-exec-1] DEBUG org.hibernate.SQL - 
    select
        p1_0.id,
        p1_0.created_at,
        p1_0.description,
        p1_0.features,
        p1_0.is_active,
        p1_0.is_custom,
        p1_0.max_api_calls,
        p1_0.max_storage_gb,
        p1_0.max_users,
        p1_0.monthly_price,
        p1_0.name,
        p1_0.updated_at 
    from
        plans p1_0 
    where
        p1_0.id=?
2026-01-10 13:27:06 [http-nio-8080-exec-8] DEBUG org.hibernate.SQL - 
    /* <criteria> */ select
        u1_0.id,
        u1_0.active,
        u1_0.created_at,
        u1_0.email,
        u1_0.first_name,
        u1_0.last_login,
        u1_0.last_name,
        u1_0.password,
        u1_0.role,
        u1_0.tenant_id 
    from
        users u1_0 
    where
        u1_0.email=?
2026-01-10 13:27:06 [http-nio-8080-exec-7] DEBUG c.s.p.s.JwtAuthenticationFilter - Set tenant context: 9
2026-01-10 13:27:06 [http-nio-8080-exec-7] DEBUG c.s.p.s.JwtAuthenticationFilter - JWT authentication successful for user: chouhanankur406@gmail.com with role: ROLE_TENANT_OWNER (tenant: 9)
2026-01-10 13:27:06 [http-nio-8080-exec-8] DEBUG org.hibernate.SQL - 
    select
        t1_0.id,
        t1_0.created_at,
        t1_0.database_name,
        t1_0.name,
        t1_0.status,
        t1_0.subdomain,
        t1_0.updated_at 
    from
        tenants t1_0 
    where
        t1_0.id=?
2026-01-10 13:27:06 [http-nio-8080-exec-7] DEBUG o.s.security.web.FilterChainProxy - Secured GET /api/activities/tenant/9
2026-01-10 13:27:06 [http-nio-8080-exec-7] INFO  c.s.p.config.RequestLoggingFilter - API Request: GET /api/activities/tenant/9 from 0:0:0:0:0:0:0:1
2026-01-10 13:27:06 [http-nio-8080-exec-7] DEBUG c.s.p.multitenancy.TenantFilter - Tenant resolved from header: 9
2026-01-10 13:27:06 [http-nio-8080-exec-7] DEBUG c.s.p.multitenancy.TenantFilter - Tenant context set to: 9
2026-01-10 13:27:06 [http-nio-8080-exec-7] DEBUG org.hibernate.SQL - 
    /* <criteria> */ select
        u1_0.id,
        u1_0.active,
        u1_0.created_at,
        u1_0.email,
        u1_0.first_name,
        u1_0.last_login,
        u1_0.last_name,
        u1_0.password,
        u1_0.role,
        u1_0.tenant_id 
    from
        users u1_0 
    where
        u1_0.email=?
2026-01-10 13:27:06 [http-nio-8080-exec-1] DEBUG org.hibernate.SQL - 
    /* <criteria> */ select
        count(u1_0.id) 
    from
        users u1_0 
    left join
        tenants t1_0 
            on t1_0.id=u1_0.tenant_id 
    where
        t1_0.id=?
2026-01-10 13:27:06 [http-nio-8080-exec-7] DEBUG org.hibernate.SQL - 
    select
        t1_0.id,
        t1_0.created_at,
        t1_0.database_name,
        t1_0.name,
        t1_0.status,
        t1_0.subdomain,
        t1_0.updated_at 
    from
        tenants t1_0 
    where
        t1_0.id=?
2026-01-10 13:27:06 [http-nio-8080-exec-8] DEBUG org.hibernate.SQL - 
    /* <criteria> */ select
        s1_0.id,
        s1_0.auto_renew,
        s1_0.created_at,
        s1_0.current_api_calls,
        s1_0.current_users,
        s1_0.end_date,
        s1_0.is_active,
        s1_0.plan_id,
        s1_0.renewal_date,
        s1_0.start_date,
        s1_0.tenant_id,
        s1_0.updated_at 
    from
        subscriptions s1_0 
    left join
        tenants t1_0 
            on t1_0.id=s1_0.tenant_id 
    where
        t1_0.id=?
2026-01-10 13:27:06 [http-nio-8080-exec-1] INFO  c.s.p.service.AnalyticsService - Dashboard metrics generated successfully
2026-01-10 13:27:06 [http-nio-8080-exec-8] DEBUG org.hibernate.SQL - 
    select
        p1_0.id,
        p1_0.created_at,
        p1_0.description,
        p1_0.features,
        p1_0.is_active,
        p1_0.is_custom,
        p1_0.max_api_calls,
        p1_0.max_storage_gb,
        p1_0.max_users,
        p1_0.monthly_price,
        p1_0.name,
        p1_0.updated_at 
    from
        plans p1_0 
    where
        p1_0.id=?
2026-01-10 13:27:06 [http-nio-8080-exec-7] DEBUG org.hibernate.SQL - 
    /* <criteria> */ select
        al1_0.id,
        al1_0.action,
        al1_0.action_type,
        al1_0.created_at,
        al1_0.details,
        al1_0.ip_address,
        al1_0.tenant_id,
        al1_0.user_agent,
        al1_0.user_email,
        al1_0.user_id,
        al1_0.user_name 
    from
        activity_logs al1_0 
    where
        al1_0.tenant_id=? 
    order by
        al1_0.created_at desc
2026-01-10 13:27:06 [http-nio-8080-exec-8] DEBUG c.s.p.multitenancy.TenantFilter - Tenant context cleared
2026-01-10 13:27:06 [http-nio-8080-exec-8] INFO  c.s.p.config.RequestLoggingFilter - API Response: GET /api/subscriptions/tenant/9 completed in 87ms
2026-01-10 13:27:06 [http-nio-8080-exec-8] DEBUG c.s.p.s.JwtAuthenticationFilter - Tenant context cleared after request
2026-01-10 13:27:06 [http-nio-8080-exec-7] DEBUG c.s.p.multitenancy.TenantFilter - Tenant context cleared
2026-01-10 13:27:06 [http-nio-8080-exec-7] INFO  c.s.p.config.RequestLoggingFilter - API Response: GET /api/activities/tenant/9 completed in 82ms
2026-01-10 13:27:06 [http-nio-8080-exec-7] DEBUG c.s.p.s.JwtAuthenticationFilter - Tenant context cleared after request
2026-01-10 13:27:06 [http-nio-8080-exec-1] DEBUG c.s.p.multitenancy.TenantFilter - Tenant context cleared
2026-01-10 13:27:06 [http-nio-8080-exec-1] INFO  c.s.p.config.RequestLoggingFilter - API Response: GET /api/analytics/dashboard/9 completed in 420ms
2026-01-10 13:27:06 [http-nio-8080-exec-1] DEBUG c.s.p.s.JwtAuthenticationFilter - Tenant context cleared after request
2026-01-10 13:27:06 [http-nio-8080-exec-5] DEBUG o.s.security.web.FilterChainProxy - Securing GET /api/analytics/dashboard/9
2026-01-10 13:27:06 [http-nio-8080-exec-5] DEBUG c.s.p.s.JwtAuthenticationFilter - Set tenant context: 9
2026-01-10 13:27:06 [http-nio-8080-exec-5] DEBUG c.s.p.s.JwtAuthenticationFilter - JWT authentication successful for user: chouhanankur406@gmail.com with role: ROLE_TENANT_OWNER (tenant: 9)
2026-01-10 13:27:06 [http-nio-8080-exec-5] DEBUG o.s.security.web.FilterChainProxy - Secured GET /api/analytics/dashboard/9
2026-01-10 13:27:06 [http-nio-8080-exec-5] INFO  c.s.p.config.RequestLoggingFilter - API Request: GET /api/analytics/dashboard/9 from 0:0:0:0:0:0:0:1
2026-01-10 13:27:06 [http-nio-8080-exec-5] DEBUG c.s.p.multitenancy.TenantFilter - Tenant resolved from header: 9
2026-01-10 13:27:06 [http-nio-8080-exec-5] DEBUG c.s.p.multitenancy.TenantFilter - Tenant context set to: 9
2026-01-10 13:27:06 [http-nio-8080-exec-5] DEBUG org.hibernate.SQL - 
    /* <criteria> */ select
        u1_0.id,
        u1_0.active,
        u1_0.created_at,
        u1_0.email,
        u1_0.first_name,
        u1_0.last_login,
        u1_0.last_name,
        u1_0.password,
        u1_0.role,
        u1_0.tenant_id 
    from
        users u1_0 
    where
        u1_0.email=?
2026-01-10 13:27:06 [http-nio-8080-exec-5] DEBUG org.hibernate.SQL - 
    select
        t1_0.id,
        t1_0.created_at,
        t1_0.database_name,
        t1_0.name,
        t1_0.status,
        t1_0.subdomain,
        t1_0.updated_at 
    from
        tenants t1_0 
    where
        t1_0.id=?
2026-01-10 13:27:06 [http-nio-8080-exec-5] INFO  c.s.p.service.AnalyticsService - Generating dashboard metrics for tenant ID: 9
2026-01-10 13:27:06 [http-nio-8080-exec-5] DEBUG org.hibernate.SQL - 
    /* <criteria> */ select
        count(u1_0.id) 
    from
        users u1_0 
    left join
        tenants t1_0 
            on t1_0.id=u1_0.tenant_id 
    where
        t1_0.id=?
2026-01-10 13:27:06 [http-nio-8080-exec-5] DEBUG org.hibernate.SQL - 
    /* <criteria> */ select
        al1_0.id,
        al1_0.action,
        al1_0.action_type,
        al1_0.created_at,
        al1_0.details,
        al1_0.ip_address,
        al1_0.tenant_id,
        al1_0.user_agent,
        al1_0.user_email,
        al1_0.user_id,
        al1_0.user_name 
    from
        activity_logs al1_0 
    where
        al1_0.tenant_id=? 
    order by
        al1_0.created_at desc
2026-01-10 13:27:06 [http-nio-8080-exec-5] DEBUG org.hibernate.SQL - 
    /* <criteria> */ select
        s1_0.id,
        s1_0.auto_renew,
        s1_0.created_at,
        s1_0.current_api_calls,
        s1_0.current_users,
        s1_0.end_date,
        s1_0.is_active,
        s1_0.plan_id,
        s1_0.renewal_date,
        s1_0.start_date,
        s1_0.tenant_id,
        s1_0.updated_at 
    from
        subscriptions s1_0 
    left join
        tenants t1_0 
            on t1_0.id=s1_0.tenant_id 
    where
        t1_0.id=?
2026-01-10 13:27:06 [http-nio-8080-exec-5] DEBUG org.hibernate.SQL - 
    select
        p1_0.id,
        p1_0.created_at,
        p1_0.description,
        p1_0.features,
        p1_0.is_active,
        p1_0.is_custom,
        p1_0.max_api_calls,
        p1_0.max_storage_gb,
        p1_0.max_users,
        p1_0.monthly_price,
        p1_0.name,
        p1_0.updated_at 
    from
        plans p1_0 
    where
        p1_0.id=?
2026-01-10 13:27:06 [http-nio-8080-exec-5] DEBUG org.hibernate.SQL - 
    /* <criteria> */ select
        count(u1_0.id) 
    from
        users u1_0 
    left join
        tenants t1_0 
            on t1_0.id=u1_0.tenant_id 
    where
        t1_0.id=?
2026-01-10 13:27:06 [http-nio-8080-exec-5] INFO  c.s.p.service.AnalyticsService - Dashboard metrics generated successfully
2026-01-10 13:27:06 [http-nio-8080-exec-5] DEBUG c.s.p.multitenancy.TenantFilter - Tenant context cleared
2026-01-10 13:27:06 [http-nio-8080-exec-5] INFO  c.s.p.config.RequestLoggingFilter - API Response: GET /api/analytics/dashboard/9 completed in 103ms
2026-01-10 13:27:06 [http-nio-8080-exec-5] DEBUG c.s.p.s.JwtAuthenticationFilter - Tenant context cleared after request
2026-01-10 13:27:07 [http-nio-8080-exec-9] DEBUG o.s.security.web.FilterChainProxy - Securing GET /api/users/tenant/9
2026-01-10 13:27:08 [http-nio-8080-exec-9] DEBUG c.s.p.s.JwtAuthenticationFilter - Set tenant context: 9
2026-01-10 13:27:08 [http-nio-8080-exec-9] DEBUG c.s.p.s.JwtAuthenticationFilter - JWT authentication successful for user: chouhanankur406@gmail.com with role: ROLE_TENANT_OWNER (tenant: 9)
2026-01-10 13:27:08 [http-nio-8080-exec-9] DEBUG o.s.security.web.FilterChainProxy - Secured GET /api/users/tenant/9
2026-01-10 13:27:08 [http-nio-8080-exec-9] INFO  c.s.p.config.RequestLoggingFilter - API Request: GET /api/users/tenant/9 from 0:0:0:0:0:0:0:1
2026-01-10 13:27:08 [http-nio-8080-exec-9] DEBUG c.s.p.multitenancy.TenantFilter - Tenant resolved from header: 9
2026-01-10 13:27:08 [http-nio-8080-exec-9] DEBUG c.s.p.multitenancy.TenantFilter - Tenant context set to: 9
2026-01-10 13:27:08 [http-nio-8080-exec-9] DEBUG org.hibernate.SQL - 
    /* <criteria> */ select
        u1_0.id,
        u1_0.active,
        u1_0.created_at,
        u1_0.email,
        u1_0.first_name,
        u1_0.last_login,
        u1_0.last_name,
        u1_0.password,
        u1_0.role,
        u1_0.tenant_id 
    from
        users u1_0 
    where
        u1_0.email=?
2026-01-10 13:27:08 [http-nio-8080-exec-9] DEBUG org.hibernate.SQL - 
    select
        t1_0.id,
        t1_0.created_at,
        t1_0.database_name,
        t1_0.name,
        t1_0.status,
        t1_0.subdomain,
        t1_0.updated_at 
    from
        tenants t1_0 
    where
        t1_0.id=?
2026-01-10 13:27:08 [http-nio-8080-exec-9] DEBUG org.hibernate.SQL - 
    /* <criteria> */ select
        u1_0.id,
        u1_0.active,
        u1_0.created_at,
        u1_0.email,
        u1_0.first_name,
        u1_0.last_login,
        u1_0.last_name,
        u1_0.password,
        u1_0.role,
        u1_0.tenant_id 
    from
        users u1_0 
    left join
        tenants t1_0 
            on t1_0.id=u1_0.tenant_id 
    where
        t1_0.id=?
2026-01-10 13:27:08 [http-nio-8080-exec-9] DEBUG c.s.p.multitenancy.TenantFilter - Tenant context cleared
2026-01-10 13:27:08 [http-nio-8080-exec-9] INFO  c.s.p.config.RequestLoggingFilter - API Response: GET /api/users/tenant/9 completed in 28ms
2026-01-10 13:27:08 [http-nio-8080-exec-9] DEBUG c.s.p.s.JwtAuthenticationFilter - Tenant context cleared after request
2026-01-10 13:27:08 [http-nio-8080-exec-6] DEBUG o.s.security.web.FilterChainProxy - Securing GET /api/users/tenant/9
2026-01-10 13:27:08 [http-nio-8080-exec-2] DEBUG o.s.security.web.FilterChainProxy - Securing GET /api/subscriptions/tenant/9
2026-01-10 13:27:08 [http-nio-8080-exec-2] DEBUG c.s.p.s.JwtAuthenticationFilter - Set tenant context: 9
2026-01-10 13:27:08 [http-nio-8080-exec-2] DEBUG c.s.p.s.JwtAuthenticationFilter - JWT authentication successful for user: chouhanankur406@gmail.com with role: ROLE_TENANT_OWNER (tenant: 9)
2026-01-10 13:27:08 [http-nio-8080-exec-6] DEBUG c.s.p.s.JwtAuthenticationFilter - Set tenant context: 9
2026-01-10 13:27:08 [http-nio-8080-exec-6] DEBUG c.s.p.s.JwtAuthenticationFilter - JWT authentication successful for user: chouhanankur406@gmail.com with role: ROLE_TENANT_OWNER (tenant: 9)
2026-01-10 13:27:08 [http-nio-8080-exec-2] DEBUG o.s.security.web.FilterChainProxy - Secured GET /api/subscriptions/tenant/9
2026-01-10 13:27:08 [http-nio-8080-exec-2] INFO  c.s.p.config.RequestLoggingFilter - API Request: GET /api/subscriptions/tenant/9 from 0:0:0:0:0:0:0:1
2026-01-10 13:27:08 [http-nio-8080-exec-2] DEBUG c.s.p.multitenancy.TenantFilter - Tenant resolved from header: 9
2026-01-10 13:27:08 [http-nio-8080-exec-2] DEBUG c.s.p.multitenancy.TenantFilter - Tenant context set to: 9
2026-01-10 13:27:08 [http-nio-8080-exec-6] DEBUG o.s.security.web.FilterChainProxy - Secured GET /api/users/tenant/9
2026-01-10 13:27:08 [http-nio-8080-exec-6] INFO  c.s.p.config.RequestLoggingFilter - API Request: GET /api/users/tenant/9 from 0:0:0:0:0:0:0:1
2026-01-10 13:27:08 [http-nio-8080-exec-6] DEBUG c.s.p.multitenancy.TenantFilter - Tenant resolved from header: 9
2026-01-10 13:27:08 [http-nio-8080-exec-6] DEBUG c.s.p.multitenancy.TenantFilter - Tenant context set to: 9
2026-01-10 13:27:08 [http-nio-8080-exec-2] DEBUG org.hibernate.SQL - 
    /* <criteria> */ select
        u1_0.id,
        u1_0.active,
        u1_0.created_at,
        u1_0.email,
        u1_0.first_name,
        u1_0.last_login,
        u1_0.last_name,
        u1_0.password,
        u1_0.role,
        u1_0.tenant_id 
    from
        users u1_0 
    where
        u1_0.email=?
2026-01-10 13:27:08 [http-nio-8080-exec-6] DEBUG org.hibernate.SQL - 
    /* <criteria> */ select
        u1_0.id,
        u1_0.active,
        u1_0.created_at,
        u1_0.email,
        u1_0.first_name,
        u1_0.last_login,
        u1_0.last_name,
        u1_0.password,
        u1_0.role,
        u1_0.tenant_id 
    from
        users u1_0 
    where
        u1_0.email=?
2026-01-10 13:27:08 [http-nio-8080-exec-6] DEBUG org.hibernate.SQL - 
    select
        t1_0.id,
        t1_0.created_at,
        t1_0.database_name,
        t1_0.name,
        t1_0.status,
        t1_0.subdomain,
        t1_0.updated_at 
    from
        tenants t1_0 
    where
        t1_0.id=?
2026-01-10 13:27:08 [http-nio-8080-exec-2] DEBUG org.hibernate.SQL - 
    select
        t1_0.id,
        t1_0.created_at,
        t1_0.database_name,
        t1_0.name,
        t1_0.status,
        t1_0.subdomain,
        t1_0.updated_at 
    from
        tenants t1_0 
    where
        t1_0.id=?
2026-01-10 13:27:08 [http-nio-8080-exec-6] DEBUG org.hibernate.SQL - 
    /* <criteria> */ select
        u1_0.id,
        u1_0.active,
        u1_0.created_at,
        u1_0.email,
        u1_0.first_name,
        u1_0.last_login,
        u1_0.last_name,
        u1_0.password,
        u1_0.role,
        u1_0.tenant_id 
    from
        users u1_0 
    left join
        tenants t1_0 
            on t1_0.id=u1_0.tenant_id 
    where
        t1_0.id=?
2026-01-10 13:27:08 [http-nio-8080-exec-2] DEBUG org.hibernate.SQL - 
    /* <criteria> */ select
        s1_0.id,
        s1_0.auto_renew,
        s1_0.created_at,
        s1_0.current_api_calls,
        s1_0.current_users,
        s1_0.end_date,
        s1_0.is_active,
        s1_0.plan_id,
        s1_0.renewal_date,
        s1_0.start_date,
        s1_0.tenant_id,
        s1_0.updated_at 
    from
        subscriptions s1_0 
    left join
        tenants t1_0 
            on t1_0.id=s1_0.tenant_id 
    where
        t1_0.id=?
2026-01-10 13:27:08 [http-nio-8080-exec-2] DEBUG org.hibernate.SQL - 
    select
        p1_0.id,
        p1_0.created_at,
        p1_0.description,
        p1_0.features,
        p1_0.is_active,
        p1_0.is_custom,
        p1_0.max_api_calls,
        p1_0.max_storage_gb,
        p1_0.max_users,
        p1_0.monthly_price,
        p1_0.name,
        p1_0.updated_at 
    from
        plans p1_0 
    where
        p1_0.id=?
2026-01-10 13:27:08 [http-nio-8080-exec-6] DEBUG c.s.p.multitenancy.TenantFilter - Tenant context cleared
2026-01-10 13:27:08 [http-nio-8080-exec-6] INFO  c.s.p.config.RequestLoggingFilter - API Response: GET /api/users/tenant/9 completed in 145ms
2026-01-10 13:27:08 [http-nio-8080-exec-6] DEBUG c.s.p.s.JwtAuthenticationFilter - Tenant context cleared after request
2026-01-10 13:27:08 [http-nio-8080-exec-2] DEBUG c.s.p.multitenancy.TenantFilter - Tenant context cleared
2026-01-10 13:27:08 [http-nio-8080-exec-2] INFO  c.s.p.config.RequestLoggingFilter - API Response: GET /api/subscriptions/tenant/9 completed in 157ms
2026-01-10 13:27:08 [http-nio-8080-exec-2] DEBUG c.s.p.s.JwtAuthenticationFilter - Tenant context cleared after request
2026-01-10 13:27:08 [http-nio-8080-exec-2] DEBUG o.s.security.web.FilterChainProxy - Securing GET /api/subscriptions/tenant/9
2026-01-10 13:27:08 [http-nio-8080-exec-2] DEBUG c.s.p.s.JwtAuthenticationFilter - Set tenant context: 9
2026-01-10 13:27:08 [http-nio-8080-exec-2] DEBUG c.s.p.s.JwtAuthenticationFilter - JWT authentication successful for user: chouhanankur406@gmail.com with role: ROLE_TENANT_OWNER (tenant: 9)
2026-01-10 13:27:08 [http-nio-8080-exec-2] DEBUG o.s.security.web.FilterChainProxy - Secured GET /api/subscriptions/tenant/9
2026-01-10 13:27:08 [http-nio-8080-exec-2] INFO  c.s.p.config.RequestLoggingFilter - API Request: GET /api/subscriptions/tenant/9 from 0:0:0:0:0:0:0:1
2026-01-10 13:27:08 [http-nio-8080-exec-2] DEBUG c.s.p.multitenancy.TenantFilter - Tenant resolved from header: 9
2026-01-10 13:27:08 [http-nio-8080-exec-2] DEBUG c.s.p.multitenancy.TenantFilter - Tenant context set to: 9
2026-01-10 13:27:08 [http-nio-8080-exec-2] DEBUG org.hibernate.SQL - 
    /* <criteria> */ select
        u1_0.id,
        u1_0.active,
        u1_0.created_at,
        u1_0.email,
        u1_0.first_name,
        u1_0.last_login,
        u1_0.last_name,
        u1_0.password,
        u1_0.role,
        u1_0.tenant_id 
    from
        users u1_0 
    where
        u1_0.email=?
2026-01-10 13:27:08 [http-nio-8080-exec-2] DEBUG org.hibernate.SQL - 
    select
        t1_0.id,
        t1_0.created_at,
        t1_0.database_name,
        t1_0.name,
        t1_0.status,
        t1_0.subdomain,
        t1_0.updated_at 
    from
        tenants t1_0 
    where
        t1_0.id=?
2026-01-10 13:27:09 [http-nio-8080-exec-2] DEBUG org.hibernate.SQL - 
    /* <criteria> */ select
        s1_0.id,
        s1_0.auto_renew,
        s1_0.created_at,
        s1_0.current_api_calls,
        s1_0.current_users,
        s1_0.end_date,
        s1_0.is_active,
        s1_0.plan_id,
        s1_0.renewal_date,
        s1_0.start_date,
        s1_0.tenant_id,
        s1_0.updated_at 
    from
        subscriptions s1_0 
    left join
        tenants t1_0 
            on t1_0.id=s1_0.tenant_id 
    where
        t1_0.id=?
2026-01-10 13:27:09 [http-nio-8080-exec-2] DEBUG org.hibernate.SQL - 
    select
        p1_0.id,
        p1_0.created_at,
        p1_0.description,
        p1_0.features,
        p1_0.is_active,
        p1_0.is_custom,
        p1_0.max_api_calls,
        p1_0.max_storage_gb,
        p1_0.max_users,
        p1_0.monthly_price,
        p1_0.name,
        p1_0.updated_at 
    from
        plans p1_0 
    where
        p1_0.id=?
2026-01-10 13:27:09 [http-nio-8080-exec-2] DEBUG c.s.p.multitenancy.TenantFilter - Tenant context cleared
2026-01-10 13:27:09 [http-nio-8080-exec-2] INFO  c.s.p.config.RequestLoggingFilter - API Response: GET /api/subscriptions/tenant/9 completed in 1398ms
2026-01-10 13:27:09 [http-nio-8080-exec-2] DEBUG c.s.p.s.JwtAuthenticationFilter - Tenant context cleared after request
2026-01-10 13:27:11 [http-nio-8080-exec-1] DEBUG o.s.security.web.FilterChainProxy - Securing OPTIONS /api/analytics/dashboard/9
2026-01-10 13:27:11 [http-nio-8080-exec-6] DEBUG o.s.security.web.FilterChainProxy - Securing OPTIONS /api/analytics/dashboard/9
2026-01-10 13:27:11 [http-nio-8080-exec-9] DEBUG o.s.security.web.FilterChainProxy - Securing OPTIONS /api/activities/tenant/9
2026-01-10 13:27:11 [http-nio-8080-exec-4] DEBUG o.s.security.web.FilterChainProxy - Securing OPTIONS /api/subscriptions/tenant/9
2026-01-10 13:27:11 [http-nio-8080-exec-3] DEBUG o.s.security.web.FilterChainProxy - Securing OPTIONS /api/users/tenant/9
2026-01-10 13:27:11 [http-nio-8080-exec-5] DEBUG o.s.security.web.FilterChainProxy - Securing OPTIONS /api/users/tenant/9
2026-01-10 13:27:11 [http-nio-8080-exec-8] DEBUG o.s.security.web.FilterChainProxy - Securing OPTIONS /api/subscriptions/tenant/9
2026-01-10 13:27:11 [http-nio-8080-exec-7] DEBUG o.s.security.web.FilterChainProxy - Securing GET /api/analytics/dashboard/9
2026-01-10 13:27:11 [http-nio-8080-exec-10] DEBUG o.s.security.web.FilterChainProxy - Securing GET /api/subscriptions/tenant/9
2026-01-10 13:27:11 [http-nio-8080-exec-2] DEBUG o.s.security.web.FilterChainProxy - Securing OPTIONS /api/activities/tenant/9
2026-01-10 13:27:11 [http-nio-8080-exec-4] DEBUG o.s.security.web.FilterChainProxy - Securing GET /api/users/tenant/9
2026-01-10 13:27:11 [http-nio-8080-exec-3] DEBUG o.s.security.web.FilterChainProxy - Securing GET /api/activities/tenant/9
2026-01-10 13:27:11 [http-nio-8080-exec-7] DEBUG c.s.p.s.JwtAuthenticationFilter - Set tenant context: 9
2026-01-10 13:27:11 [http-nio-8080-exec-7] DEBUG c.s.p.s.JwtAuthenticationFilter - JWT authentication successful for user: chouhanankur406@gmail.com with role: ROLE_TENANT_OWNER (tenant: 9)
2026-01-10 13:27:11 [http-nio-8080-exec-7] DEBUG o.s.security.web.FilterChainProxy - Secured GET /api/analytics/dashboard/9
2026-01-10 13:27:11 [http-nio-8080-exec-7] INFO  c.s.p.config.RequestLoggingFilter - API Request: GET /api/analytics/dashboard/9 from 0:0:0:0:0:0:0:1
2026-01-10 13:27:11 [http-nio-8080-exec-7] DEBUG c.s.p.multitenancy.TenantFilter - Tenant resolved from header: 9
2026-01-10 13:27:11 [http-nio-8080-exec-7] DEBUG c.s.p.multitenancy.TenantFilter - Tenant context set to: 9
2026-01-10 13:27:11 [http-nio-8080-exec-10] DEBUG c.s.p.s.JwtAuthenticationFilter - Set tenant context: 9
2026-01-10 13:27:11 [http-nio-8080-exec-10] DEBUG c.s.p.s.JwtAuthenticationFilter - JWT authentication successful for user: chouhanankur406@gmail.com with role: ROLE_TENANT_OWNER (tenant: 9)
2026-01-10 13:27:12 [http-nio-8080-exec-3] DEBUG c.s.p.s.JwtAuthenticationFilter - Set tenant context: 9
2026-01-10 13:27:12 [http-nio-8080-exec-3] DEBUG c.s.p.s.JwtAuthenticationFilter - JWT authentication successful for user: chouhanankur406@gmail.com with role: ROLE_TENANT_OWNER (tenant: 9)
2026-01-10 13:27:12 [http-nio-8080-exec-3] DEBUG o.s.security.web.FilterChainProxy - Secured GET /api/activities/tenant/9
2026-01-10 13:27:12 [http-nio-8080-exec-3] INFO  c.s.p.config.RequestLoggingFilter - API Request: GET /api/activities/tenant/9 from 0:0:0:0:0:0:0:1
2026-01-10 13:27:12 [http-nio-8080-exec-3] DEBUG c.s.p.multitenancy.TenantFilter - Tenant resolved from header: 9
2026-01-10 13:27:12 [http-nio-8080-exec-3] DEBUG c.s.p.multitenancy.TenantFilter - Tenant context set to: 9
2026-01-10 13:27:12 [http-nio-8080-exec-10] DEBUG o.s.security.web.FilterChainProxy - Secured GET /api/subscriptions/tenant/9
2026-01-10 13:27:12 [http-nio-8080-exec-7] DEBUG org.hibernate.SQL - 
    /* <criteria> */ select
        u1_0.id,
        u1_0.active,
        u1_0.created_at,
        u1_0.email,
        u1_0.first_name,
        u1_0.last_login,
        u1_0.last_name,
        u1_0.password,
        u1_0.role,
        u1_0.tenant_id 
    from
        users u1_0 
    where
        u1_0.email=?
2026-01-10 13:27:12 [http-nio-8080-exec-4] DEBUG c.s.p.s.JwtAuthenticationFilter - Set tenant context: 9
2026-01-10 13:27:12 [http-nio-8080-exec-4] DEBUG c.s.p.s.JwtAuthenticationFilter - JWT authentication successful for user: chouhanankur406@gmail.com with role: ROLE_TENANT_OWNER (tenant: 9)
2026-01-10 13:27:12 [http-nio-8080-exec-10] INFO  c.s.p.config.RequestLoggingFilter - API Request: GET /api/subscriptions/tenant/9 from 0:0:0:0:0:0:0:1
2026-01-10 13:27:12 [http-nio-8080-exec-10] DEBUG c.s.p.multitenancy.TenantFilter - Tenant resolved from header: 9
2026-01-10 13:27:12 [http-nio-8080-exec-10] DEBUG c.s.p.multitenancy.TenantFilter - Tenant context set to: 9
2026-01-10 13:27:12 [http-nio-8080-exec-4] DEBUG o.s.security.web.FilterChainProxy - Secured GET /api/users/tenant/9
2026-01-10 13:27:12 [http-nio-8080-exec-4] INFO  c.s.p.config.RequestLoggingFilter - API Request: GET /api/users/tenant/9 from 0:0:0:0:0:0:0:1
2026-01-10 13:27:12 [http-nio-8080-exec-4] DEBUG c.s.p.multitenancy.TenantFilter - Tenant resolved from header: 9
2026-01-10 13:27:12 [http-nio-8080-exec-4] DEBUG c.s.p.multitenancy.TenantFilter - Tenant context set to: 9
2026-01-10 13:27:12 [http-nio-8080-exec-7] DEBUG org.hibernate.SQL - 
    select
        t1_0.id,
        t1_0.created_at,
        t1_0.database_name,
        t1_0.name,
        t1_0.status,
        t1_0.subdomain,
        t1_0.updated_at 
    from
        tenants t1_0 
    where
        t1_0.id=?
2026-01-10 13:27:12 [http-nio-8080-exec-3] DEBUG org.hibernate.SQL - 
    /* <criteria> */ select
        u1_0.id,
        u1_0.active,
        u1_0.created_at,
        u1_0.email,
        u1_0.first_name,
        u1_0.last_login,
        u1_0.last_name,
        u1_0.password,
        u1_0.role,
        u1_0.tenant_id 
    from
        users u1_0 
    where
        u1_0.email=?
2026-01-10 13:27:12 [http-nio-8080-exec-10] DEBUG org.hibernate.SQL - 
    /* <criteria> */ select
        u1_0.id,
        u1_0.active,
        u1_0.created_at,
        u1_0.email,
        u1_0.first_name,
        u1_0.last_login,
        u1_0.last_name,
        u1_0.password,
        u1_0.role,
        u1_0.tenant_id 
    from
        users u1_0 
    where
        u1_0.email=?
2026-01-10 13:27:12 [http-nio-8080-exec-7] INFO  c.s.p.service.AnalyticsService - Generating dashboard metrics for tenant ID: 9
2026-01-10 13:27:12 [http-nio-8080-exec-3] DEBUG org.hibernate.SQL - 
    select
        t1_0.id,
        t1_0.created_at,
        t1_0.database_name,
        t1_0.name,
        t1_0.status,
        t1_0.subdomain,
        t1_0.updated_at 
    from
        tenants t1_0 
    where
        t1_0.id=?
2026-01-10 13:27:12 [http-nio-8080-exec-7] DEBUG org.hibernate.SQL - 
    /* <criteria> */ select
        count(u1_0.id) 
    from
        users u1_0 
    left join
        tenants t1_0 
            on t1_0.id=u1_0.tenant_id 
    where
        t1_0.id=?
2026-01-10 13:27:12 [http-nio-8080-exec-4] DEBUG org.hibernate.SQL - 
    /* <criteria> */ select
        u1_0.id,
        u1_0.active,
        u1_0.created_at,
        u1_0.email,
        u1_0.first_name,
        u1_0.last_login,
        u1_0.last_name,
        u1_0.password,
        u1_0.role,
        u1_0.tenant_id 
    from
        users u1_0 
    where
        u1_0.email=?
2026-01-10 13:27:12 [http-nio-8080-exec-4] DEBUG org.hibernate.SQL - 
    select
        t1_0.id,
        t1_0.created_at,
        t1_0.database_name,
        t1_0.name,
        t1_0.status,
        t1_0.subdomain,
        t1_0.updated_at 
    from
        tenants t1_0 
    where
        t1_0.id=?
2026-01-10 13:27:12 [http-nio-8080-exec-10] DEBUG org.hibernate.SQL - 
    select
        t1_0.id,
        t1_0.created_at,
        t1_0.database_name,
        t1_0.name,
        t1_0.status,
        t1_0.subdomain,
        t1_0.updated_at 
    from
        tenants t1_0 
    where
        t1_0.id=?
2026-01-10 13:27:12 [http-nio-8080-exec-7] DEBUG org.hibernate.SQL - 
    /* <criteria> */ select
        al1_0.id,
        al1_0.action,
        al1_0.action_type,
        al1_0.created_at,
        al1_0.details,
        al1_0.ip_address,
        al1_0.tenant_id,
        al1_0.user_agent,
        al1_0.user_email,
        al1_0.user_id,
        al1_0.user_name 
    from
        activity_logs al1_0 
    where
        al1_0.tenant_id=? 
    order by
        al1_0.created_at desc
2026-01-10 13:27:12 [http-nio-8080-exec-4] DEBUG org.hibernate.SQL - 
    /* <criteria> */ select
        u1_0.id,
        u1_0.active,
        u1_0.created_at,
        u1_0.email,
        u1_0.first_name,
        u1_0.last_login,
        u1_0.last_name,
        u1_0.password,
        u1_0.role,
        u1_0.tenant_id 
    from
        users u1_0 
    left join
        tenants t1_0 
            on t1_0.id=u1_0.tenant_id 
    where
        t1_0.id=?
2026-01-10 13:27:12 [http-nio-8080-exec-3] DEBUG org.hibernate.SQL - 
    /* <criteria> */ select
        al1_0.id,
        al1_0.action,
        al1_0.action_type,
        al1_0.created_at,
        al1_0.details,
        al1_0.ip_address,
        al1_0.tenant_id,
        al1_0.user_agent,
        al1_0.user_email,
        al1_0.user_id,
        al1_0.user_name 
    from
        activity_logs al1_0 
    where
        al1_0.tenant_id=? 
    order by
        al1_0.created_at desc
2026-01-10 13:27:12 [http-nio-8080-exec-5] DEBUG o.s.security.web.FilterChainProxy - Securing GET /api/users/tenant/9
2026-01-10 13:27:12 [http-nio-8080-exec-4] DEBUG c.s.p.multitenancy.TenantFilter - Tenant context cleared
2026-01-10 13:27:12 [http-nio-8080-exec-4] INFO  c.s.p.config.RequestLoggingFilter - API Response: GET /api/users/tenant/9 completed in 556ms
2026-01-10 13:27:12 [http-nio-8080-exec-4] DEBUG c.s.p.s.JwtAuthenticationFilter - Tenant context cleared after request
2026-01-10 13:27:12 [http-nio-8080-exec-5] DEBUG c.s.p.s.JwtAuthenticationFilter - Set tenant context: 9
2026-01-10 13:27:12 [http-nio-8080-exec-5] DEBUG c.s.p.s.JwtAuthenticationFilter - JWT authentication successful for user: chouhanankur406@gmail.com with role: ROLE_TENANT_OWNER (tenant: 9)
2026-01-10 13:27:12 [http-nio-8080-exec-5] DEBUG o.s.security.web.FilterChainProxy - Secured GET /api/users/tenant/9
2026-01-10 13:27:12 [http-nio-8080-exec-5] INFO  c.s.p.config.RequestLoggingFilter - API Request: GET /api/users/tenant/9 from 0:0:0:0:0:0:0:1
2026-01-10 13:27:12 [http-nio-8080-exec-5] DEBUG c.s.p.multitenancy.TenantFilter - Tenant resolved from header: 9
2026-01-10 13:27:12 [http-nio-8080-exec-5] DEBUG c.s.p.multitenancy.TenantFilter - Tenant context set to: 9
2026-01-10 13:27:12 [http-nio-8080-exec-10] DEBUG org.hibernate.SQL - 
    /* <criteria> */ select
        s1_0.id,
        s1_0.auto_renew,
        s1_0.created_at,
        s1_0.current_api_calls,
        s1_0.current_users,
        s1_0.end_date,
        s1_0.is_active,
        s1_0.plan_id,
        s1_0.renewal_date,
        s1_0.start_date,
        s1_0.tenant_id,
        s1_0.updated_at 
    from
        subscriptions s1_0 
    left join
        tenants t1_0 
            on t1_0.id=s1_0.tenant_id 
    where
        t1_0.id=?
2026-01-10 13:27:12 [http-nio-8080-exec-5] DEBUG org.hibernate.SQL - 
    /* <criteria> */ select
        u1_0.id,
        u1_0.active,
        u1_0.created_at,
        u1_0.email,
        u1_0.first_name,
        u1_0.last_login,
        u1_0.last_name,
        u1_0.password,
        u1_0.role,
        u1_0.tenant_id 
    from
        users u1_0 
    where
        u1_0.email=?
2026-01-10 13:27:12 [http-nio-8080-exec-7] DEBUG org.hibernate.SQL - 
    /* <criteria> */ select
        s1_0.id,
        s1_0.auto_renew,
        s1_0.created_at,
        s1_0.current_api_calls,
        s1_0.current_users,
        s1_0.end_date,
        s1_0.is_active,
        s1_0.plan_id,
        s1_0.renewal_date,
        s1_0.start_date,
        s1_0.tenant_id,
        s1_0.updated_at 
    from
        subscriptions s1_0 
    left join
        tenants t1_0 
            on t1_0.id=s1_0.tenant_id 
    where
        t1_0.id=?
2026-01-10 13:27:12 [http-nio-8080-exec-3] DEBUG c.s.p.multitenancy.TenantFilter - Tenant context cleared
2026-01-10 13:27:12 [http-nio-8080-exec-9] DEBUG o.s.security.web.FilterChainProxy - Securing GET /api/activities/tenant/9
2026-01-10 13:27:12 [http-nio-8080-exec-3] INFO  c.s.p.config.RequestLoggingFilter - API Response: GET /api/activities/tenant/9 completed in 683ms
2026-01-10 13:27:12 [http-nio-8080-exec-3] DEBUG c.s.p.s.JwtAuthenticationFilter - Tenant context cleared after request
2026-01-10 13:27:12 [http-nio-8080-exec-10] DEBUG org.hibernate.SQL - 
    select
        p1_0.id,
        p1_0.created_at,
        p1_0.description,
        p1_0.features,
        p1_0.is_active,
        p1_0.is_custom,
        p1_0.max_api_calls,
        p1_0.max_storage_gb,
        p1_0.max_users,
        p1_0.monthly_price,
        p1_0.name,
        p1_0.updated_at 
    from
        plans p1_0 
    where
        p1_0.id=?
2026-01-10 13:27:12 [http-nio-8080-exec-5] DEBUG org.hibernate.SQL - 
    select
        t1_0.id,
        t1_0.created_at,
        t1_0.database_name,
        t1_0.name,
        t1_0.status,
        t1_0.subdomain,
        t1_0.updated_at 
    from
        tenants t1_0 
    where
        t1_0.id=?
2026-01-10 13:27:12 [http-nio-8080-exec-7] DEBUG org.hibernate.SQL - 
    select
        p1_0.id,
        p1_0.created_at,
        p1_0.description,
        p1_0.features,
        p1_0.is_active,
        p1_0.is_custom,
        p1_0.max_api_calls,
        p1_0.max_storage_gb,
        p1_0.max_users,
        p1_0.monthly_price,
        p1_0.name,
        p1_0.updated_at 
    from
        plans p1_0 
    where
        p1_0.id=?
2026-01-10 13:27:12 [http-nio-8080-exec-10] DEBUG c.s.p.multitenancy.TenantFilter - Tenant context cleared
2026-01-10 13:27:12 [http-nio-8080-exec-10] INFO  c.s.p.config.RequestLoggingFilter - API Response: GET /api/subscriptions/tenant/9 completed in 698ms
2026-01-10 13:27:12 [http-nio-8080-exec-10] DEBUG c.s.p.s.JwtAuthenticationFilter - Tenant context cleared after request
2026-01-10 13:27:12 [http-nio-8080-exec-5] DEBUG org.hibernate.SQL - 
    /* <criteria> */ select
        u1_0.id,
        u1_0.active,
        u1_0.created_at,
        u1_0.email,
        u1_0.first_name,
        u1_0.last_login,
        u1_0.last_name,
        u1_0.password,
        u1_0.role,
        u1_0.tenant_id 
    from
        users u1_0 
    left join
        tenants t1_0 
            on t1_0.id=u1_0.tenant_id 
    where
        t1_0.id=?
2026-01-10 13:27:12 [http-nio-8080-exec-6] DEBUG o.s.security.web.FilterChainProxy - Securing GET /api/subscriptions/tenant/9
2026-01-10 13:27:12 [http-nio-8080-exec-7] DEBUG org.hibernate.SQL - 
    /* <criteria> */ select
        count(u1_0.id) 
    from
        users u1_0 
    left join
        tenants t1_0 
            on t1_0.id=u1_0.tenant_id 
    where
        t1_0.id=?
2026-01-10 13:27:12 [http-nio-8080-exec-9] DEBUG c.s.p.s.JwtAuthenticationFilter - Set tenant context: 9
2026-01-10 13:27:12 [http-nio-8080-exec-7] INFO  c.s.p.service.AnalyticsService - Dashboard metrics generated successfully
2026-01-10 13:27:12 [http-nio-8080-exec-9] DEBUG c.s.p.s.JwtAuthenticationFilter - JWT authentication successful for user: chouhanankur406@gmail.com with role: ROLE_TENANT_OWNER (tenant: 9)
2026-01-10 13:27:12 [http-nio-8080-exec-9] DEBUG o.s.security.web.FilterChainProxy - Secured GET /api/activities/tenant/9
2026-01-10 13:27:12 [http-nio-8080-exec-9] INFO  c.s.p.config.RequestLoggingFilter - API Request: GET /api/activities/tenant/9 from 0:0:0:0:0:0:0:1
2026-01-10 13:27:12 [http-nio-8080-exec-9] DEBUG c.s.p.multitenancy.TenantFilter - Tenant resolved from header: 9
2026-01-10 13:27:12 [http-nio-8080-exec-9] DEBUG c.s.p.multitenancy.TenantFilter - Tenant context set to: 9
2026-01-10 13:27:12 [http-nio-8080-exec-8] DEBUG o.s.security.web.FilterChainProxy - Securing GET /api/analytics/dashboard/9
2026-01-10 13:27:13 [http-nio-8080-exec-7] DEBUG c.s.p.multitenancy.TenantFilter - Tenant context cleared
2026-01-10 13:27:13 [http-nio-8080-exec-7] INFO  c.s.p.config.RequestLoggingFilter - API Response: GET /api/analytics/dashboard/9 completed in 1241ms
2026-01-10 13:27:13 [http-nio-8080-exec-7] DEBUG c.s.p.s.JwtAuthenticationFilter - Tenant context cleared after request
2026-01-10 13:27:13 [http-nio-8080-exec-5] DEBUG c.s.p.multitenancy.TenantFilter - Tenant context cleared
2026-01-10 13:27:13 [http-nio-8080-exec-5] INFO  c.s.p.config.RequestLoggingFilter - API Response: GET /api/users/tenant/9 completed in 258ms
2026-01-10 13:27:13 [http-nio-8080-exec-5] DEBUG c.s.p.s.JwtAuthenticationFilter - Tenant context cleared after request
2026-01-10 13:27:13 [http-nio-8080-exec-6] DEBUG c.s.p.s.JwtAuthenticationFilter - Set tenant context: 9
2026-01-10 13:27:13 [http-nio-8080-exec-6] DEBUG c.s.p.s.JwtAuthenticationFilter - JWT authentication successful for user: chouhanankur406@gmail.com with role: ROLE_TENANT_OWNER (tenant: 9)
2026-01-10 13:27:13 [http-nio-8080-exec-9] DEBUG org.hibernate.SQL - 
    /* <criteria> */ select
        u1_0.id,
        u1_0.active,
        u1_0.created_at,
        u1_0.email,
        u1_0.first_name,
        u1_0.last_login,
        u1_0.last_name,
        u1_0.password,
        u1_0.role,
        u1_0.tenant_id 
    from
        users u1_0 
    where
        u1_0.email=?
2026-01-10 13:27:13 [http-nio-8080-exec-6] DEBUG o.s.security.web.FilterChainProxy - Secured GET /api/subscriptions/tenant/9
2026-01-10 13:27:13 [http-nio-8080-exec-6] INFO  c.s.p.config.RequestLoggingFilter - API Request: GET /api/subscriptions/tenant/9 from 0:0:0:0:0:0:0:1
2026-01-10 13:27:13 [http-nio-8080-exec-6] DEBUG c.s.p.multitenancy.TenantFilter - Tenant resolved from header: 9
2026-01-10 13:27:13 [http-nio-8080-exec-6] DEBUG c.s.p.multitenancy.TenantFilter - Tenant context set to: 9
2026-01-10 13:27:13 [http-nio-8080-exec-9] DEBUG org.hibernate.SQL - 
    select
        t1_0.id,
        t1_0.created_at,
        t1_0.database_name,
        t1_0.name,
        t1_0.status,
        t1_0.subdomain,
        t1_0.updated_at 
    from
        tenants t1_0 
    where
        t1_0.id=?
2026-01-10 13:27:13 [http-nio-8080-exec-9] DEBUG org.hibernate.SQL - 
    /* <criteria> */ select
        al1_0.id,
        al1_0.action,
        al1_0.action_type,
        al1_0.created_at,
        al1_0.details,
        al1_0.ip_address,
        al1_0.tenant_id,
        al1_0.user_agent,
        al1_0.user_email,
        al1_0.user_id,
        al1_0.user_name 
    from
        activity_logs al1_0 
    where
        al1_0.tenant_id=? 
    order by
        al1_0.created_at desc
2026-01-10 13:27:13 [http-nio-8080-exec-8] DEBUG c.s.p.s.JwtAuthenticationFilter - Set tenant context: 9
2026-01-10 13:27:13 [http-nio-8080-exec-8] DEBUG c.s.p.s.JwtAuthenticationFilter - JWT authentication successful for user: chouhanankur406@gmail.com with role: ROLE_TENANT_OWNER (tenant: 9)
2026-01-10 13:27:13 [http-nio-8080-exec-8] DEBUG o.s.security.web.FilterChainProxy - Secured GET /api/analytics/dashboard/9
2026-01-10 13:27:13 [http-nio-8080-exec-8] INFO  c.s.p.config.RequestLoggingFilter - API Request: GET /api/analytics/dashboard/9 from 0:0:0:0:0:0:0:1
2026-01-10 13:27:13 [http-nio-8080-exec-8] DEBUG c.s.p.multitenancy.TenantFilter - Tenant resolved from header: 9
2026-01-10 13:27:13 [http-nio-8080-exec-8] DEBUG c.s.p.multitenancy.TenantFilter - Tenant context set to: 9
2026-01-10 13:27:13 [http-nio-8080-exec-6] DEBUG org.hibernate.SQL - 
    /* <criteria> */ select
        u1_0.id,
        u1_0.active,
        u1_0.created_at,
        u1_0.email,
        u1_0.first_name,
        u1_0.last_login,
        u1_0.last_name,
        u1_0.password,
        u1_0.role,
        u1_0.tenant_id 
    from
        users u1_0 
    where
        u1_0.email=?
2026-01-10 13:27:14 [http-nio-8080-exec-6] DEBUG org.hibernate.SQL - 
    select
        t1_0.id,
        t1_0.created_at,
        t1_0.database_name,
        t1_0.name,
        t1_0.status,
        t1_0.subdomain,
        t1_0.updated_at 
    from
        tenants t1_0 
    where
        t1_0.id=?
2026-01-10 13:27:14 [http-nio-8080-exec-8] DEBUG org.hibernate.SQL - 
    /* <criteria> */ select
        u1_0.id,
        u1_0.active,
        u1_0.created_at,
        u1_0.email,
        u1_0.first_name,
        u1_0.last_login,
        u1_0.last_name,
        u1_0.password,
        u1_0.role,
        u1_0.tenant_id 
    from
        users u1_0 
    where
        u1_0.email=?
2026-01-10 13:27:14 [http-nio-8080-exec-8] DEBUG org.hibernate.SQL - 
    select
        t1_0.id,
        t1_0.created_at,
        t1_0.database_name,
        t1_0.name,
        t1_0.status,
        t1_0.subdomain,
        t1_0.updated_at 
    from
        tenants t1_0 
    where
        t1_0.id=?
2026-01-10 13:27:14 [http-nio-8080-exec-8] INFO  c.s.p.service.AnalyticsService - Generating dashboard metrics for tenant ID: 9
2026-01-10 13:27:14 [http-nio-8080-exec-6] DEBUG org.hibernate.SQL - 
    /* <criteria> */ select
        s1_0.id,
        s1_0.auto_renew,
        s1_0.created_at,
        s1_0.current_api_calls,
        s1_0.current_users,
        s1_0.end_date,
        s1_0.is_active,
        s1_0.plan_id,
        s1_0.renewal_date,
        s1_0.start_date,
        s1_0.tenant_id,
        s1_0.updated_at 
    from
        subscriptions s1_0 
    left join
        tenants t1_0 
            on t1_0.id=s1_0.tenant_id 
    where
        t1_0.id=?
2026-01-10 13:27:14 [http-nio-8080-exec-6] DEBUG org.hibernate.SQL - 
    select
        p1_0.id,
        p1_0.created_at,
        p1_0.description,
        p1_0.features,
        p1_0.is_active,
        p1_0.is_custom,
        p1_0.max_api_calls,
        p1_0.max_storage_gb,
        p1_0.max_users,
        p1_0.monthly_price,
        p1_0.name,
        p1_0.updated_at 
    from
        plans p1_0 
    where
        p1_0.id=?
2026-01-10 13:27:14 [http-nio-8080-exec-9] DEBUG c.s.p.multitenancy.TenantFilter - Tenant context cleared
2026-01-10 13:27:15 [http-nio-8080-exec-9] INFO  c.s.p.config.RequestLoggingFilter - API Response: GET /api/activities/tenant/9 completed in 2477ms
2026-01-10 13:27:15 [http-nio-8080-exec-9] DEBUG c.s.p.s.JwtAuthenticationFilter - Tenant context cleared after request
2026-01-10 13:27:14 [http-nio-8080-exec-8] DEBUG org.hibernate.SQL - 
    /* <criteria> */ select
        count(u1_0.id) 
    from
        users u1_0 
    left join
        tenants t1_0 
            on t1_0.id=u1_0.tenant_id 
    where
        t1_0.id=?
2026-01-10 13:27:15 [http-nio-8080-exec-8] DEBUG org.hibernate.SQL - 
    /* <criteria> */ select
        al1_0.id,
        al1_0.action,
        al1_0.action_type,
        al1_0.created_at,
        al1_0.details,
        al1_0.ip_address,
        al1_0.tenant_id,
        al1_0.user_agent,
        al1_0.user_email,
        al1_0.user_id,
        al1_0.user_name 
    from
        activity_logs al1_0 
    where
        al1_0.tenant_id=? 
    order by
        al1_0.created_at desc
2026-01-10 13:27:15 [http-nio-8080-exec-6] DEBUG c.s.p.multitenancy.TenantFilter - Tenant context cleared
2026-01-10 13:27:15 [http-nio-8080-exec-6] INFO  c.s.p.config.RequestLoggingFilter - API Response: GET /api/subscriptions/tenant/9 completed in 2207ms
2026-01-10 13:27:15 [http-nio-8080-exec-6] DEBUG c.s.p.s.JwtAuthenticationFilter - Tenant context cleared after request
2026-01-10 13:27:15 [http-nio-8080-exec-8] DEBUG org.hibernate.SQL - 
    /* <criteria> */ select
        s1_0.id,
        s1_0.auto_renew,
        s1_0.created_at,
        s1_0.current_api_calls,
        s1_0.current_users,
        s1_0.end_date,
        s1_0.is_active,
        s1_0.plan_id,
        s1_0.renewal_date,
        s1_0.start_date,
        s1_0.tenant_id,
        s1_0.updated_at 
    from
        subscriptions s1_0 
    left join
        tenants t1_0 
            on t1_0.id=s1_0.tenant_id 
    where
        t1_0.id=?
2026-01-10 13:27:15 [http-nio-8080-exec-8] DEBUG org.hibernate.SQL - 
    select
        p1_0.id,
        p1_0.created_at,
        p1_0.description,
        p1_0.features,
        p1_0.is_active,
        p1_0.is_custom,
        p1_0.max_api_calls,
        p1_0.max_storage_gb,
        p1_0.max_users,
        p1_0.monthly_price,
        p1_0.name,
        p1_0.updated_at 
    from
        plans p1_0 
    where
        p1_0.id=?
2026-01-10 13:27:15 [http-nio-8080-exec-8] DEBUG org.hibernate.SQL - 
    /* <criteria> */ select
        count(u1_0.id) 
    from
        users u1_0 
    left join
        tenants t1_0 
            on t1_0.id=u1_0.tenant_id 
    where
        t1_0.id=?
2026-01-10 13:27:15 [http-nio-8080-exec-8] INFO  c.s.p.service.AnalyticsService - Dashboard metrics generated successfully
2026-01-10 13:27:15 [http-nio-8080-exec-8] DEBUG c.s.p.multitenancy.TenantFilter - Tenant context cleared
2026-01-10 13:27:15 [http-nio-8080-exec-8] INFO  c.s.p.config.RequestLoggingFilter - API Response: GET /api/analytics/dashboard/9 completed in 2337ms
2026-01-10 13:27:15 [http-nio-8080-exec-8] DEBUG c.s.p.s.JwtAuthenticationFilter - Tenant context cleared after request
2026-01-10 13:27:17 [http-nio-8080-exec-1] DEBUG o.s.security.web.FilterChainProxy - Securing OPTIONS /api/users/check-permission/9
2026-01-10 13:27:17 [http-nio-8080-exec-2] DEBUG o.s.security.web.FilterChainProxy - Securing OPTIONS /api/users/check-permission/9
2026-01-10 13:27:17 [http-nio-8080-exec-2] DEBUG o.s.security.web.FilterChainProxy - Securing GET /api/users/check-permission/9
2026-01-10 13:27:17 [http-nio-8080-exec-2] DEBUG c.s.p.s.JwtAuthenticationFilter - Set tenant context: 9
2026-01-10 13:27:17 [http-nio-8080-exec-2] DEBUG c.s.p.s.JwtAuthenticationFilter - JWT authentication successful for user: chouhanankur406@gmail.com with role: ROLE_TENANT_OWNER (tenant: 9)
2026-01-10 13:27:17 [http-nio-8080-exec-2] DEBUG o.s.security.web.FilterChainProxy - Secured GET /api/users/check-permission/9
2026-01-10 13:27:17 [http-nio-8080-exec-2] INFO  c.s.p.config.RequestLoggingFilter - API Request: GET /api/users/check-permission/9 from 0:0:0:0:0:0:0:1
2026-01-10 13:27:17 [http-nio-8080-exec-2] DEBUG c.s.p.multitenancy.TenantFilter - Tenant resolved from header: 9
2026-01-10 13:27:17 [http-nio-8080-exec-2] DEBUG c.s.p.multitenancy.TenantFilter - Tenant context set to: 9
2026-01-10 13:27:17 [http-nio-8080-exec-2] DEBUG org.hibernate.SQL - 
    /* <criteria> */ select
        u1_0.id,
        u1_0.active,
        u1_0.created_at,
        u1_0.email,
        u1_0.first_name,
        u1_0.last_login,
        u1_0.last_name,
        u1_0.password,
        u1_0.role,
        u1_0.tenant_id 
    from
        users u1_0 
    where
        u1_0.email=?
2026-01-10 13:27:17 [http-nio-8080-exec-2] DEBUG org.hibernate.SQL - 
    select
        t1_0.id,
        t1_0.created_at,
        t1_0.database_name,
        t1_0.name,
        t1_0.status,
        t1_0.subdomain,
        t1_0.updated_at 
    from
        tenants t1_0 
    where
        t1_0.id=?
2026-01-10 13:27:17 [http-nio-8080-exec-2] DEBUG org.hibernate.SQL - 
    /* <criteria> */ select
        u1_0.id,
        u1_0.active,
        u1_0.created_at,
        u1_0.email,
        u1_0.first_name,
        u1_0.last_login,
        u1_0.last_name,
        u1_0.password,
        u1_0.role,
        u1_0.tenant_id 
    from
        users u1_0 
    where
        u1_0.email=?
2026-01-10 13:27:17 [http-nio-8080-exec-2] DEBUG org.hibernate.SQL - 
    /* <criteria> */ select
        u1_0.id,
        u1_0.active,
        u1_0.created_at,
        u1_0.email,
        u1_0.first_name,
        u1_0.last_login,
        u1_0.last_name,
        u1_0.password,
        u1_0.role,
        u1_0.tenant_id 
    from
        users u1_0 
    where
        u1_0.email=?
2026-01-10 13:27:17 [http-nio-8080-exec-2] DEBUG c.s.p.multitenancy.TenantFilter - Tenant context cleared
2026-01-10 13:27:17 [http-nio-8080-exec-2] INFO  c.s.p.config.RequestLoggingFilter - API Response: GET /api/users/check-permission/9 completed in 307ms
2026-01-10 13:27:17 [http-nio-8080-exec-2] DEBUG c.s.p.s.JwtAuthenticationFilter - Tenant context cleared after request
2026-01-10 13:27:17 [http-nio-8080-exec-4] DEBUG o.s.security.web.FilterChainProxy - Securing GET /api/users/check-permission/9
2026-01-10 13:27:17 [http-nio-8080-exec-2] DEBUG o.s.security.web.FilterChainProxy - Securing OPTIONS /api/users/tenant/9
2026-01-10 13:27:17 [http-nio-8080-exec-3] DEBUG o.s.security.web.FilterChainProxy - Securing GET /api/users/tenant/9
2026-01-10 13:27:17 [http-nio-8080-exec-3] DEBUG c.s.p.s.JwtAuthenticationFilter - Set tenant context: 9
2026-01-10 13:27:17 [http-nio-8080-exec-4] DEBUG c.s.p.s.JwtAuthenticationFilter - Set tenant context: 9
2026-01-10 13:27:17 [http-nio-8080-exec-4] DEBUG c.s.p.s.JwtAuthenticationFilter - JWT authentication successful for user: chouhanankur406@gmail.com with role: ROLE_TENANT_OWNER (tenant: 9)
2026-01-10 13:27:17 [http-nio-8080-exec-3] DEBUG c.s.p.s.JwtAuthenticationFilter - JWT authentication successful for user: chouhanankur406@gmail.com with role: ROLE_TENANT_OWNER (tenant: 9)
2026-01-10 13:27:17 [http-nio-8080-exec-3] DEBUG o.s.security.web.FilterChainProxy - Secured GET /api/users/tenant/9
2026-01-10 13:27:17 [http-nio-8080-exec-3] INFO  c.s.p.config.RequestLoggingFilter - API Request: GET /api/users/tenant/9 from 0:0:0:0:0:0:0:1
2026-01-10 13:27:17 [http-nio-8080-exec-3] DEBUG c.s.p.multitenancy.TenantFilter - Tenant resolved from header: 9
2026-01-10 13:27:17 [http-nio-8080-exec-3] DEBUG c.s.p.multitenancy.TenantFilter - Tenant context set to: 9
2026-01-10 13:27:17 [http-nio-8080-exec-4] DEBUG o.s.security.web.FilterChainProxy - Secured GET /api/users/check-permission/9
2026-01-10 13:27:17 [http-nio-8080-exec-4] INFO  c.s.p.config.RequestLoggingFilter - API Request: GET /api/users/check-permission/9 from 0:0:0:0:0:0:0:1
2026-01-10 13:27:17 [http-nio-8080-exec-4] DEBUG c.s.p.multitenancy.TenantFilter - Tenant resolved from header: 9
2026-01-10 13:27:17 [http-nio-8080-exec-4] DEBUG c.s.p.multitenancy.TenantFilter - Tenant context set to: 9
2026-01-10 13:27:17 [http-nio-8080-exec-3] DEBUG org.hibernate.SQL - 
    /* <criteria> */ select
        u1_0.id,
        u1_0.active,
        u1_0.created_at,
        u1_0.email,
        u1_0.first_name,
        u1_0.last_login,
        u1_0.last_name,
        u1_0.password,
        u1_0.role,
        u1_0.tenant_id 
    from
        users u1_0 
    where
        u1_0.email=?
2026-01-10 13:27:17 [http-nio-8080-exec-3] DEBUG org.hibernate.SQL - 
    select
        t1_0.id,
        t1_0.created_at,
        t1_0.database_name,
        t1_0.name,
        t1_0.status,
        t1_0.subdomain,
        t1_0.updated_at 
    from
        tenants t1_0 
    where
        t1_0.id=?
2026-01-10 13:27:17 [http-nio-8080-exec-4] DEBUG org.hibernate.SQL - 
    /* <criteria> */ select
        u1_0.id,
        u1_0.active,
        u1_0.created_at,
        u1_0.email,
        u1_0.first_name,
        u1_0.last_login,
        u1_0.last_name,
        u1_0.password,
        u1_0.role,
        u1_0.tenant_id 
    from
        users u1_0 
    where
        u1_0.email=?
2026-01-10 13:27:17 [http-nio-8080-exec-3] DEBUG org.hibernate.SQL - 
    /* <criteria> */ select
        u1_0.id,
        u1_0.active,
        u1_0.created_at,
        u1_0.email,
        u1_0.first_name,
        u1_0.last_login,
        u1_0.last_name,
        u1_0.password,
        u1_0.role,
        u1_0.tenant_id 
    from
        users u1_0 
    left join
        tenants t1_0 
            on t1_0.id=u1_0.tenant_id 
    where
        t1_0.id=?
2026-01-10 13:27:17 [http-nio-8080-exec-4] DEBUG org.hibernate.SQL - 
    select
        t1_0.id,
        t1_0.created_at,
        t1_0.database_name,
        t1_0.name,
        t1_0.status,
        t1_0.subdomain,
        t1_0.updated_at 
    from
        tenants t1_0 
    where
        t1_0.id=?
2026-01-10 13:27:17 [http-nio-8080-exec-3] DEBUG c.s.p.multitenancy.TenantFilter - Tenant context cleared
2026-01-10 13:27:17 [http-nio-8080-exec-3] INFO  c.s.p.config.RequestLoggingFilter - API Response: GET /api/users/tenant/9 completed in 106ms
2026-01-10 13:27:17 [http-nio-8080-exec-3] DEBUG c.s.p.s.JwtAuthenticationFilter - Tenant context cleared after request
2026-01-10 13:27:17 [http-nio-8080-exec-4] DEBUG org.hibernate.SQL - 
    /* <criteria> */ select
        u1_0.id,
        u1_0.active,
        u1_0.created_at,
        u1_0.email,
        u1_0.first_name,
        u1_0.last_login,
        u1_0.last_name,
        u1_0.password,
        u1_0.role,
        u1_0.tenant_id 
    from
        users u1_0 
    where
        u1_0.email=?
2026-01-10 13:27:17 [http-nio-8080-exec-4] DEBUG org.hibernate.SQL - 
    /* <criteria> */ select
        u1_0.id,
        u1_0.active,
        u1_0.created_at,
        u1_0.email,
        u1_0.first_name,
        u1_0.last_login,
        u1_0.last_name,
        u1_0.password,
        u1_0.role,
        u1_0.tenant_id 
    from
        users u1_0 
    where
        u1_0.email=?
2026-01-10 13:27:17 [http-nio-8080-exec-4] DEBUG c.s.p.multitenancy.TenantFilter - Tenant context cleared
2026-01-10 13:27:17 [http-nio-8080-exec-4] INFO  c.s.p.config.RequestLoggingFilter - API Response: GET /api/users/check-permission/9 completed in 114ms
2026-01-10 13:27:17 [http-nio-8080-exec-4] DEBUG c.s.p.s.JwtAuthenticationFilter - Tenant context cleared after request
2026-01-10 13:27:35 [http-nio-8080-exec-1] DEBUG o.s.security.web.FilterChainProxy - Securing OPTIONS /api/users?tenantId=9
2026-01-10 13:27:35 [http-nio-8080-exec-2] DEBUG o.s.security.web.FilterChainProxy - Securing POST /api/users?tenantId=9
2026-01-10 13:27:36 [http-nio-8080-exec-2] DEBUG c.s.p.s.JwtAuthenticationFilter - Set tenant context: 9
2026-01-10 13:27:36 [http-nio-8080-exec-2] DEBUG c.s.p.s.JwtAuthenticationFilter - JWT authentication successful for user: chouhanankur406@gmail.com with role: ROLE_TENANT_OWNER (tenant: 9)
2026-01-10 13:27:36 [http-nio-8080-exec-2] DEBUG o.s.security.web.FilterChainProxy - Secured POST /api/users?tenantId=9
2026-01-10 13:27:36 [http-nio-8080-exec-2] INFO  c.s.p.config.RequestLoggingFilter - API Request: POST /api/users from 0:0:0:0:0:0:0:1
2026-01-10 13:27:36 [http-nio-8080-exec-2] DEBUG c.s.p.multitenancy.TenantFilter - Tenant resolved from header: 9
2026-01-10 13:27:36 [http-nio-8080-exec-2] DEBUG c.s.p.multitenancy.TenantFilter - Tenant context set to: 9
2026-01-10 13:27:36 [http-nio-8080-exec-2] WARN  o.s.w.s.m.m.a.ExceptionHandlerExceptionResolver - Resolved [org.springframework.http.converter.HttpMessageNotReadableException: JSON parse error: Cannot deserialize value of type `com.saas.platform.model.UserRole` from String ""CANCELLED"": not one of the values accepted for Enum class: [VIEWER, SUPER_ADMIN, TENANT_OWNER, TENANT_ADMIN, USER]]
2026-01-10 13:27:36 [http-nio-8080-exec-2] DEBUG c.s.p.multitenancy.TenantFilter - Tenant context cleared
2026-01-10 13:27:36 [http-nio-8080-exec-2] INFO  c.s.p.config.RequestLoggingFilter - API Response: POST /api/users completed in 617ms
2026-01-10 13:27:36 [http-nio-8080-exec-2] DEBUG c.s.p.s.JwtAuthenticationFilter - Tenant context cleared after request
2026-01-10 13:27:36 [http-nio-8080-exec-3] DEBUG o.s.security.web.FilterChainProxy - Securing POST /api/users?tenantId=9
2026-01-10 13:27:37 [http-nio-8080-exec-3] DEBUG c.s.p.s.JwtAuthenticationFilter - Set tenant context: 9
2026-01-10 13:27:37 [http-nio-8080-exec-3] DEBUG c.s.p.s.JwtAuthenticationFilter - JWT authentication successful for user: chouhanankur406@gmail.com with role: ROLE_TENANT_OWNER (tenant: 9)
2026-01-10 13:27:37 [http-nio-8080-exec-3] DEBUG o.s.security.web.FilterChainProxy - Secured POST /api/users?tenantId=9
2026-01-10 13:27:37 [http-nio-8080-exec-3] INFO  c.s.p.config.RequestLoggingFilter - API Request: POST /api/users from 0:0:0:0:0:0:0:1
2026-01-10 13:27:37 [http-nio-8080-exec-3] DEBUG c.s.p.multitenancy.TenantFilter - Tenant resolved from header: 9
2026-01-10 13:27:37 [http-nio-8080-exec-3] DEBUG c.s.p.multitenancy.TenantFilter - Tenant context set to: 9
2026-01-10 13:27:37 [http-nio-8080-exec-3] WARN  o.s.w.s.m.m.a.ExceptionHandlerExceptionResolver - Resolved [org.springframework.http.converter.HttpMessageNotReadableException: JSON parse error: Cannot deserialize value of type `com.saas.platform.model.UserRole` from String ""CANCELLED"": not one of the values accepted for Enum class: [VIEWER, SUPER_ADMIN, TENANT_OWNER, TENANT_ADMIN, USER]]
2026-01-10 13:27:37 [http-nio-8080-exec-3] DEBUG c.s.p.multitenancy.TenantFilter - Tenant context cleared
2026-01-10 13:27:37 [http-nio-8080-exec-3] INFO  c.s.p.config.RequestLoggingFilter - API Response: POST /api/users completed in 152ms
2026-01-10 13:27:37 [http-nio-8080-exec-3] DEBUG c.s.p.s.JwtAuthenticationFilter - Tenant context cleared after request
2026-01-10 13:27:37 [http-nio-8080-exec-4] DEBUG o.s.security.web.FilterChainProxy - Securing POST /api/users?tenantId=9
2026-01-10 13:27:37 [http-nio-8080-exec-4] DEBUG c.s.p.s.JwtAuthenticationFilter - Set tenant context: 9
2026-01-10 13:27:37 [http-nio-8080-exec-4] DEBUG c.s.p.s.JwtAuthenticationFilter - JWT authentication successful for user: chouhanankur406@gmail.com with role: ROLE_TENANT_OWNER (tenant: 9)
2026-01-10 13:27:37 [http-nio-8080-exec-4] DEBUG o.s.security.web.FilterChainProxy - Secured POST /api/users?tenantId=9
2026-01-10 13:27:37 [http-nio-8080-exec-4] INFO  c.s.p.config.RequestLoggingFilter - API Request: POST /api/users from 0:0:0:0:0:0:0:1
2026-01-10 13:27:37 [http-nio-8080-exec-4] DEBUG c.s.p.multitenancy.TenantFilter - Tenant resolved from header: 9
2026-01-10 13:27:37 [http-nio-8080-exec-4] DEBUG c.s.p.multitenancy.TenantFilter - Tenant context set to: 9
2026-01-10 13:27:37 [http-nio-8080-exec-4] WARN  o.s.w.s.m.m.a.ExceptionHandlerExceptionResolver - Resolved [org.springframework.http.converter.HttpMessageNotReadableException: JSON parse error: Cannot deserialize value of type `com.saas.platform.model.UserRole` from String ""CANCELLED"": not one of the values accepted for Enum class: [VIEWER, SUPER_ADMIN, TENANT_OWNER, TENANT_ADMIN, USER]]
2026-01-10 13:27:37 [http-nio-8080-exec-4] DEBUG c.s.p.multitenancy.TenantFilter - Tenant context cleared
2026-01-10 13:27:37 [http-nio-8080-exec-4] INFO  c.s.p.config.RequestLoggingFilter - API Response: POST /api/users completed in 30ms
2026-01-10 13:27:37 [http-nio-8080-exec-4] DEBUG c.s.p.s.JwtAuthenticationFilter - Tenant context cleared after request
2026-01-10 13:27:37 [http-nio-8080-exec-10] DEBUG o.s.security.web.FilterChainProxy - Securing POST /api/users?tenantId=9
2026-01-10 13:27:37 [http-nio-8080-exec-10] DEBUG c.s.p.s.JwtAuthenticationFilter - Set tenant context: 9
2026-01-10 13:27:37 [http-nio-8080-exec-10] DEBUG c.s.p.s.JwtAuthenticationFilter - JWT authentication successful for user: chouhanankur406@gmail.com with role: ROLE_TENANT_OWNER (tenant: 9)
2026-01-10 13:27:37 [http-nio-8080-exec-10] DEBUG o.s.security.web.FilterChainProxy - Secured POST /api/users?tenantId=9
2026-01-10 13:27:37 [http-nio-8080-exec-10] INFO  c.s.p.config.RequestLoggingFilter - API Request: POST /api/users from 0:0:0:0:0:0:0:1
2026-01-10 13:27:37 [http-nio-8080-exec-10] DEBUG c.s.p.multitenancy.TenantFilter - Tenant resolved from header: 9
2026-01-10 13:27:37 [http-nio-8080-exec-10] DEBUG c.s.p.multitenancy.TenantFilter - Tenant context set to: 9
2026-01-10 13:27:37 [http-nio-8080-exec-10] WARN  o.s.w.s.m.m.a.ExceptionHandlerExceptionResolver - Resolved [org.springframework.http.converter.HttpMessageNotReadableException: JSON parse error: Cannot deserialize value of type `com.saas.platform.model.UserRole` from String ""CANCELLED"": not one of the values accepted for Enum class: [VIEWER, SUPER_ADMIN, TENANT_OWNER, TENANT_ADMIN, USER]]
2026-01-10 13:27:37 [http-nio-8080-exec-10] DEBUG c.s.p.multitenancy.TenantFilter - Tenant context cleared
2026-01-10 13:27:37 [http-nio-8080-exec-10] INFO  c.s.p.config.RequestLoggingFilter - API Response: POST /api/users completed in 35ms
2026-01-10 13:27:37 [http-nio-8080-exec-10] DEBUG c.s.p.s.JwtAuthenticationFilter - Tenant context cleared after request
2026-01-10 13:27:37 [http-nio-8080-exec-7] DEBUG o.s.security.web.FilterChainProxy - Securing POST /api/users?tenantId=9
2026-01-10 13:27:37 [http-nio-8080-exec-7] DEBUG c.s.p.s.JwtAuthenticationFilter - Set tenant context: 9
2026-01-10 13:27:37 [http-nio-8080-exec-7] DEBUG c.s.p.s.JwtAuthenticationFilter - JWT authentication successful for user: chouhanankur406@gmail.com with role: ROLE_TENANT_OWNER (tenant: 9)
2026-01-10 13:27:37 [http-nio-8080-exec-7] DEBUG o.s.security.web.FilterChainProxy - Secured POST /api/users?tenantId=9
2026-01-10 13:27:37 [http-nio-8080-exec-7] INFO  c.s.p.config.RequestLoggingFilter - API Request: POST /api/users from 0:0:0:0:0:0:0:1
2026-01-10 13:27:37 [http-nio-8080-exec-7] DEBUG c.s.p.multitenancy.TenantFilter - Tenant resolved from header: 9
2026-01-10 13:27:37 [http-nio-8080-exec-7] DEBUG c.s.p.multitenancy.TenantFilter - Tenant context set to: 9
2026-01-10 13:27:37 [http-nio-8080-exec-7] WARN  o.s.w.s.m.m.a.ExceptionHandlerExceptionResolver - Resolved [org.springframework.http.converter.HttpMessageNotReadableException: JSON parse error: Cannot deserialize value of type `com.saas.platform.model.UserRole` from String ""CANCELLED"": not one of the values accepted for Enum class: [VIEWER, SUPER_ADMIN, TENANT_OWNER, TENANT_ADMIN, USER]]
2026-01-10 13:27:37 [http-nio-8080-exec-7] DEBUG c.s.p.multitenancy.TenantFilter - Tenant context cleared
2026-01-10 13:27:37 [http-nio-8080-exec-7] INFO  c.s.p.config.RequestLoggingFilter - API Response: POST /api/users completed in 8ms
2026-01-10 13:27:37 [http-nio-8080-exec-7] DEBUG c.s.p.s.JwtAuthenticationFilter - Tenant context cleared after request
2026-01-10 13:27:37 [http-nio-8080-exec-6] DEBUG o.s.security.web.FilterChainProxy - Securing OPTIONS /api/users/tenant/9
2026-01-10 13:27:37 [http-nio-8080-exec-8] DEBUG o.s.security.web.FilterChainProxy - Securing GET /api/users/tenant/9
2026-01-10 13:27:37 [http-nio-8080-exec-8] DEBUG c.s.p.s.JwtAuthenticationFilter - Set tenant context: 9
2026-01-10 13:27:37 [http-nio-8080-exec-8] DEBUG c.s.p.s.JwtAuthenticationFilter - JWT authentication successful for user: chouhanankur406@gmail.com with role: ROLE_TENANT_OWNER (tenant: 9)
2026-01-10 13:27:37 [http-nio-8080-exec-8] DEBUG o.s.security.web.FilterChainProxy - Secured GET /api/users/tenant/9
2026-01-10 13:27:37 [http-nio-8080-exec-8] INFO  c.s.p.config.RequestLoggingFilter - API Request: GET /api/users/tenant/9 from 0:0:0:0:0:0:0:1
2026-01-10 13:27:37 [http-nio-8080-exec-8] DEBUG c.s.p.multitenancy.TenantFilter - Tenant resolved from header: 9
2026-01-10 13:27:37 [http-nio-8080-exec-8] DEBUG c.s.p.multitenancy.TenantFilter - Tenant context set to: 9
2026-01-10 13:27:37 [http-nio-8080-exec-8] DEBUG org.hibernate.SQL - 
    /* <criteria> */ select
        u1_0.id,
        u1_0.active,
        u1_0.created_at,
        u1_0.email,
        u1_0.first_name,
        u1_0.last_login,
        u1_0.last_name,
        u1_0.password,
        u1_0.role,
        u1_0.tenant_id 
    from
        users u1_0 
    where
        u1_0.email=?
2026-01-10 13:27:37 [http-nio-8080-exec-8] DEBUG org.hibernate.SQL - 
    select
        t1_0.id,
        t1_0.created_at,
        t1_0.database_name,
        t1_0.name,
        t1_0.status,
        t1_0.subdomain,
        t1_0.updated_at 
    from
        tenants t1_0 
    where
        t1_0.id=?
2026-01-10 13:27:37 [http-nio-8080-exec-8] DEBUG org.hibernate.SQL - 
    /* <criteria> */ select
        u1_0.id,
        u1_0.active,
        u1_0.created_at,
        u1_0.email,
        u1_0.first_name,
        u1_0.last_login,
        u1_0.last_name,
        u1_0.password,
        u1_0.role,
        u1_0.tenant_id 
    from
        users u1_0 
    left join
        tenants t1_0 
            on t1_0.id=u1_0.tenant_id 
    where
        t1_0.id=?
2026-01-10 13:27:37 [http-nio-8080-exec-8] DEBUG c.s.p.multitenancy.TenantFilter - Tenant context cleared
2026-01-10 13:27:37 [http-nio-8080-exec-8] INFO  c.s.p.config.RequestLoggingFilter - API Response: GET /api/users/tenant/9 completed in 84ms
2026-01-10 13:27:37 [http-nio-8080-exec-8] DEBUG c.s.p.s.JwtAuthenticationFilter - Tenant context cleared after request
2026-01-10 13:39:25 [HikariPool-1:housekeeper] WARN  com.zaxxer.hikari.pool.HikariPool - HikariPool-1 - Thread starvation or clock leap detected (housekeeper delta=2m4s125ms456µs800ns).
2026-01-10 13:39:28 [http-nio-8080-exec-5] DEBUG o.s.security.web.FilterChainProxy - Securing OPTIONS /api/users/check-permission/9
2026-01-10 13:39:28 [http-nio-8080-exec-1] DEBUG o.s.security.web.FilterChainProxy - Securing OPTIONS /api/users/check-permission/9
2026-01-10 13:39:28 [http-nio-8080-exec-1] DEBUG o.s.security.web.FilterChainProxy - Securing GET /api/users/check-permission/9
2026-01-10 13:39:28 [http-nio-8080-exec-1] DEBUG c.s.p.s.JwtAuthenticationFilter - Set tenant context: 9
2026-01-10 13:39:28 [http-nio-8080-exec-1] DEBUG c.s.p.s.JwtAuthenticationFilter - JWT authentication successful for user: chouhanankur406@gmail.com with role: ROLE_TENANT_OWNER (tenant: 9)
2026-01-10 13:39:28 [http-nio-8080-exec-1] DEBUG o.s.security.web.FilterChainProxy - Secured GET /api/users/check-permission/9
2026-01-10 13:39:28 [http-nio-8080-exec-1] INFO  c.s.p.config.RequestLoggingFilter - API Request: GET /api/users/check-permission/9 from 0:0:0:0:0:0:0:1
2026-01-10 13:39:28 [http-nio-8080-exec-1] DEBUG c.s.p.multitenancy.TenantFilter - Tenant resolved from header: 9
2026-01-10 13:39:28 [http-nio-8080-exec-1] DEBUG c.s.p.multitenancy.TenantFilter - Tenant context set to: 9
2026-01-10 13:39:29 [http-nio-8080-exec-1] DEBUG org.hibernate.SQL - 
    /* <criteria> */ select
        u1_0.id,
        u1_0.active,
        u1_0.created_at,
        u1_0.email,
        u1_0.first_name,
        u1_0.last_login,
        u1_0.last_name,
        u1_0.password,
        u1_0.role,
        u1_0.tenant_id 
    from
        users u1_0 
    where
        u1_0.email=?
2026-01-10 13:39:29 [http-nio-8080-exec-1] DEBUG org.hibernate.SQL - 
    select
        t1_0.id,
        t1_0.created_at,
        t1_0.database_name,
        t1_0.name,
        t1_0.status,
        t1_0.subdomain,
        t1_0.updated_at 
    from
        tenants t1_0 
    where
        t1_0.id=?
2026-01-10 13:39:29 [http-nio-8080-exec-1] DEBUG org.hibernate.SQL - 
    /* <criteria> */ select
        u1_0.id,
        u1_0.active,
        u1_0.created_at,
        u1_0.email,
        u1_0.first_name,
        u1_0.last_login,
        u1_0.last_name,
        u1_0.password,
        u1_0.role,
        u1_0.tenant_id 
    from
        users u1_0 
    where
        u1_0.email=?
2026-01-10 13:39:29 [http-nio-8080-exec-1] DEBUG org.hibernate.SQL - 
    /* <criteria> */ select
        u1_0.id,
        u1_0.active,
        u1_0.created_at,
        u1_0.email,
        u1_0.first_name,
        u1_0.last_login,
        u1_0.last_name,
        u1_0.password,
        u1_0.role,
        u1_0.tenant_id 
    from
        users u1_0 
    where
        u1_0.email=?
2026-01-10 13:39:29 [http-nio-8080-exec-2] DEBUG o.s.security.web.FilterChainProxy - Securing GET /api/users/check-permission/9
2026-01-10 13:39:29 [http-nio-8080-exec-1] DEBUG c.s.p.multitenancy.TenantFilter - Tenant context cleared
2026-01-10 13:39:29 [http-nio-8080-exec-1] INFO  c.s.p.config.RequestLoggingFilter - API Response: GET /api/users/check-permission/9 completed in 1082ms
2026-01-10 13:39:29 [http-nio-8080-exec-1] DEBUG c.s.p.s.JwtAuthenticationFilter - Tenant context cleared after request
2026-01-10 13:39:29 [http-nio-8080-exec-2] DEBUG c.s.p.s.JwtAuthenticationFilter - Set tenant context: 9
2026-01-10 13:39:29 [http-nio-8080-exec-2] DEBUG c.s.p.s.JwtAuthenticationFilter - JWT authentication successful for user: chouhanankur406@gmail.com with role: ROLE_TENANT_OWNER (tenant: 9)
2026-01-10 13:39:29 [http-nio-8080-exec-2] DEBUG o.s.security.web.FilterChainProxy - Secured GET /api/users/check-permission/9
2026-01-10 13:39:29 [http-nio-8080-exec-2] INFO  c.s.p.config.RequestLoggingFilter - API Request: GET /api/users/check-permission/9 from 0:0:0:0:0:0:0:1
2026-01-10 13:39:29 [http-nio-8080-exec-2] DEBUG c.s.p.multitenancy.TenantFilter - Tenant resolved from header: 9
2026-01-10 13:39:29 [http-nio-8080-exec-2] DEBUG c.s.p.multitenancy.TenantFilter - Tenant context set to: 9
2026-01-10 13:39:30 [http-nio-8080-exec-2] DEBUG org.hibernate.SQL - 
    /* <criteria> */ select
        u1_0.id,
        u1_0.active,
        u1_0.created_at,
        u1_0.email,
        u1_0.first_name,
        u1_0.last_login,
        u1_0.last_name,
        u1_0.password,
        u1_0.role,
        u1_0.tenant_id 
    from
        users u1_0 
    where
        u1_0.email=?
2026-01-10 13:39:33 [http-nio-8080-exec-2] DEBUG org.hibernate.SQL - 
    select
        t1_0.id,
        t1_0.created_at,
        t1_0.database_name,
        t1_0.name,
        t1_0.status,
        t1_0.subdomain,
        t1_0.updated_at 
    from
        tenants t1_0 
    where
        t1_0.id=?
2026-01-10 13:39:33 [http-nio-8080-exec-2] DEBUG org.hibernate.SQL - 
    /* <criteria> */ select
        u1_0.id,
        u1_0.active,
        u1_0.created_at,
        u1_0.email,
        u1_0.first_name,
        u1_0.last_login,
        u1_0.last_name,
        u1_0.password,
        u1_0.role,
        u1_0.tenant_id 
    from
        users u1_0 
    where
        u1_0.email=?
2026-01-10 13:39:34 [http-nio-8080-exec-2] DEBUG org.hibernate.SQL - 
    /* <criteria> */ select
        u1_0.id,
        u1_0.active,
        u1_0.created_at,
        u1_0.email,
        u1_0.first_name,
        u1_0.last_login,
        u1_0.last_name,
        u1_0.password,
        u1_0.role,
        u1_0.tenant_id 
    from
        users u1_0 
    where
        u1_0.email=?
2026-01-10 13:39:34 [http-nio-8080-exec-2] DEBUG c.s.p.multitenancy.TenantFilter - Tenant context cleared
2026-01-10 13:39:34 [http-nio-8080-exec-2] INFO  c.s.p.config.RequestLoggingFilter - API Response: GET /api/users/check-permission/9 completed in 4312ms
2026-01-10 13:39:34 [http-nio-8080-exec-2] DEBUG c.s.p.s.JwtAuthenticationFilter - Tenant context cleared after request
2026-01-10 13:40:00 [http-nio-8080-exec-4] DEBUG o.s.security.web.FilterChainProxy - Securing OPTIONS /api/users/tenant/9
2026-01-10 13:40:00 [http-nio-8080-exec-10] DEBUG o.s.security.web.FilterChainProxy - Securing GET /api/users/tenant/9
2026-01-10 13:40:00 [http-nio-8080-exec-10] DEBUG c.s.p.s.JwtAuthenticationFilter - Set tenant context: 9
2026-01-10 13:40:00 [http-nio-8080-exec-10] DEBUG c.s.p.s.JwtAuthenticationFilter - JWT authentication successful for user: chouhanankur406@gmail.com with role: ROLE_TENANT_OWNER (tenant: 9)
2026-01-10 13:40:00 [http-nio-8080-exec-10] DEBUG o.s.security.web.FilterChainProxy - Secured GET /api/users/tenant/9
2026-01-10 13:40:00 [http-nio-8080-exec-10] INFO  c.s.p.config.RequestLoggingFilter - API Request: GET /api/users/tenant/9 from 0:0:0:0:0:0:0:1
2026-01-10 13:40:00 [http-nio-8080-exec-10] DEBUG c.s.p.multitenancy.TenantFilter - Tenant resolved from header: 9
2026-01-10 13:40:00 [http-nio-8080-exec-10] DEBUG c.s.p.multitenancy.TenantFilter - Tenant context set to: 9
2026-01-10 13:40:00 [http-nio-8080-exec-10] DEBUG org.hibernate.SQL - 
    /* <criteria> */ select
        u1_0.id,
        u1_0.active,
        u1_0.created_at,
        u1_0.email,
        u1_0.first_name,
        u1_0.last_login,
        u1_0.last_name,
        u1_0.password,
        u1_0.role,
        u1_0.tenant_id 
    from
        users u1_0 
    where
        u1_0.email=?
2026-01-10 13:40:00 [http-nio-8080-exec-10] DEBUG org.hibernate.SQL - 
    select
        t1_0.id,
        t1_0.created_at,
        t1_0.database_name,
        t1_0.name,
        t1_0.status,
        t1_0.subdomain,
        t1_0.updated_at 
    from
        tenants t1_0 
    where
        t1_0.id=?
2026-01-10 13:40:00 [http-nio-8080-exec-10] DEBUG org.hibernate.SQL - 
    /* <criteria> */ select
        u1_0.id,
        u1_0.active,
        u1_0.created_at,
        u1_0.email,
        u1_0.first_name,
        u1_0.last_login,
        u1_0.last_name,
        u1_0.password,
        u1_0.role,
        u1_0.tenant_id 
    from
        users u1_0 
    left join
        tenants t1_0 
            on t1_0.id=u1_0.tenant_id 
    where
        t1_0.id=?
2026-01-10 13:40:00 [http-nio-8080-exec-10] DEBUG c.s.p.multitenancy.TenantFilter - Tenant context cleared
2026-01-10 13:40:00 [http-nio-8080-exec-10] INFO  c.s.p.config.RequestLoggingFilter - API Response: GET /api/users/tenant/9 completed in 103ms
2026-01-10 13:40:00 [http-nio-8080-exec-10] DEBUG c.s.p.s.JwtAuthenticationFilter - Tenant context cleared after request
2026-01-10 14:20:47 [HikariPool-1:housekeeper] WARN  com.zaxxer.hikari.pool.HikariPool - HikariPool-1 - Thread starvation or clock leap detected (housekeeper delta=38m21s620ms648µs800ns).
